TEAM_ID,TEAM_ABBREVIATION,MAX_GAME_DATE,GP,W,L,W_PCT,MIN,FGM,FGA,FG_PCT,FG3M,FG3A,FG3_PCT,FTM,FTA,FT_PCT,OREB,DREB,REB,AST,TOV,STL,BLK,BLKA,PF,PFD,PTS,PLUS_MINUS,NBA_FANTASY_PTS,DD2,TD3,WNBA_FANTASY_PTS,GP_RANK,W_RANK,L_RANK,W_PCT_RANK,MIN_RANK,FGM_RANK,FGA_RANK,FG_PCT_RANK,FG3M_RANK,FG3A_RANK,FG3_PCT_RANK,FTM_RANK,FTA_RANK,FT_PCT_RANK,OREB_RANK,DREB_RANK,REB_RANK,AST_RANK,TOV_RANK,STL_RANK,BLK_RANK,BLKA_RANK,PF_RANK,PFD_RANK,PTS_RANK,PLUS_MINUS_RANK,NBA_FANTASY_PTS_RANK,DD2_RANK,TD3_RANK,WNBA_FANTASY_PTS_RANK,PLAYER_NAME
-1,TOT,2024-04-02T00:00:00,68,35,33,0.515,1549.3,230,453,0.508,25,93,0.269,69,112,0.616,187,280,467,94,78,45,66,36,132,84,554,-25,1510.4,9,0,1362.0,1,1,1,1,1,1,1,1,1,1,1,1,1,1,1,1,1,1,1,1,1,1,1,1,1,1,1,1,1,1,Precious Achiuwa
1610612761,TOR,2023-12-29T00:00:00,25,8,17,0.32,436.885,78,170,0.459,13,47,0.277,24,42,0.571,50,86,136,44,29,16,12,13,40,31,193,-53,477.2,2,0,442.0,5,5,2,5,5,5,5,4,3,3,2,5,5,4,5,5,5,4,5,5,5,1,1,5,5,4,5,5,1,5,Precious Achiuwa
-1,TOT,2024-03-27T00:00:00,72,29,43,0.403,1457.6833333333334,164,396,0.414,61,200,0.305,28,42,0.667,66,128,194,73,55,42,38,37,102,42,417,-249,944.3,0,0,905.0,1,1,1,1,1,1,1,1,1,1,1,1,1,1,1,1,1,1,1,1,1,1,1,1,1,1,1,1,1,1,Ochai Agbaji
1610612761,TOR,2024-03-27T00:00:00,21,4,17,0.19,454.2966666666667,58,147,0.395,14,58,0.241,13,22,0.591,31,37,68,26,21,15,9,16,36,18,143,-128,314.6,0,0,299.0,3,3,1,3,3,3,3,3,3,3,3,3,2,3,3,3,3,3,3,3,3,1,1,3,3,3,3,1,1,3,Ochai Agbaji
1610612763,MEM,2024-04-01T00:00:00,61,23,38,0.377,1618.0566666666666,247,568,0.435,106,304,0.349,54,87,0.621,72,280,352,138,69,43,54,26,89,88,654,-275,1505.4,5,0,1444.0,2,2,3,3,2,1,1,2,1,1,2,2,2,3,2,2,2,1,1,2,1,3,2,2,2,3,2,1,1,1,Santi Aldama
1610612739,CLE,2024-04-02T00:00:00,71,44,27,0.62,2241.9483333333333,471,746,0.631,0,5,0.0,221,297,0.744,223,531,754,192,113,49,77,64,138,312,1163,202,2620.8,38,0,2361.0,3,1,4,3,1,1,1,5,6,7,6,1,1,3,1,1,1,1,1,2,5,8,4,1,1,2,1,1,1,1,Jarrett Allen
1610612749,MIL,2024-04-02T00:00:00,70,44,26,0.629,2467.905,810,1315,0.616,34,119,0.286,504,766,0.658,189,622,811,453,239,84,70,84,203,589,2158,324,4033.7,56,10,3764.0,7,5,6,6,5,1,2,1,9,8,6,2,2,9,1,4,3,1,3,5,8,9,5,1,1,6,2,1,1,2,Giannis Antetokounmpo
1610612749,MIL,2024-03-24T00:00:00,29,19,10,0.655,136.255,13,26,0.5,0,1,0.0,0,2,0.0,6,6,12,14,12,5,4,3,23,5,26,-30,76.4,0,0,70.0,4,4,3,3,4,5,5,3,3,5,3,5,5,5,5,5,5,5,3,4,3,2,4,5,5,4,5,2,1,5,Thanasis Antetokounmpo
1610612753,ORL,2024-04-01T00:00:00,74,44,30,0.595,1690.36,309,707,0.437,88,258,0.341,173,211,0.82,62,235,297,219,116,58,35,30,167,157,879,101,1726.9,3,0,1669.0,1,1,1,1,2,2,2,2,2,2,2,2,2,4,1,3,2,3,2,1,1,2,3,2,2,1,2,2,1,2,Cole Anthony
-1,TOT,2024-03-16T00:00:00,44,26,18,0.591,1498.2166666666667,250,508,0.492,89,240,0.371,66,86,0.767,42,148,190,99,70,57,31,36,102,71,655,334,1225.5,0,0,1209.0,1,1,1,1,1,1,1,1,1,1,1,1,1,1,1,1,1,1,1,1,1,1,1,1,1,1,1,1,1,1,OG Anunoby
1610612761,TOR,2023-12-29T00:00:00,27,11,16,0.407,900.225,157,321,0.489,61,163,0.374,33,46,0.717,24,82,106,72,43,28,13,20,62,42,408,37,723.2,0,0,729.0,7,8,2,8,7,7,7,3,7,7,4,7,7,5,7,7,7,5,7,8,8,2,2,7,7,7,7,5,1,7,OG Anunoby
1610612757,POR,2024-04-01T00:00:00,49,12,37,0.245,1578.635,361,623,0.579,1,4,0.25,56,69,0.812,156,384,540,80,89,47,38,37,104,70,779,-271,1713.0,27,0,1570.0,5,6,5,5,5,5,5,5,5,5,3,6,6,1,4,5,5,5,5,2,6,1,1,6,5,5,5,5,1,5,Deandre Ayton
-1,TOT,2024-04-02T00:00:00,50,7,43,0.14,1053.3516666666667,239,408,0.586,9,23,0.391,96,126,0.762,130,182,312,55,59,20,33,38,81,107,583,-137,1139.9,10,0,1065.0,1,2,2,2,2,1,2,1,2,2,1,1,1,1,1,2,2,1,1,2,1,2,1,1,1,2,1,1,1,1,Marvin Bagley III
1610612765,DET,2024-01-12T00:00:00,26,2,24,0.077,478.4033333333333,107,181,0.591,1,6,0.167,50,61,0.82,46,72,118,27,29,5,14,14,40,51,265,-74,475.1,1,0,449.0,5,7,6,8,7,7,7,1,8,8,8,4,5,1,6,7,7,5,5,8,5,2,1,6,6,3,7,8,1,7,Marvin Bagley III
1610612755,PHI,2024-03-31T00:00:00,53,26,27,0.491,702.5166666666667,94,188,0.5,24,60,0.4,32,48,0.667,74,150,224,40,39,22,55,12,95,45,244,-48,764.8,1,0,686.0,3,2,3,2,5,6,6,1,5,6,1,5,5,5,4,5,5,4,4,3,5,2,4,4,6,4,5,4,1,5,Mo Bamba
1610612753,ORL,2024-04-01T00:00:00,73,43,30,0.589,2539.7616666666668,583,1263,0.462,110,313,0.351,351,493,0.712,74,421,495,388,228,68,44,81,141,338,1627,25,2911.0,14,2,2844.0,1,1,1,1,1,1,1,1,1,1,1,2,2,2,2,1,2,1,1,1,1,1,1,2,1,1,1,1,1,1,Paolo Banchero
1610612763,MEM,2024-03-27T00:00:00,42,14,28,0.333,1442.8483333333334,360,776,0.464,137,360,0.381,140,161,0.87,36,149,185,230,112,43,22,61,120,125,997,-201,1647.0,3,0,1679.0,4,4,3,4,4,3,3,3,3,3,4,2,2,3,3,4,4,2,2,3,2,2,1,2,3,4,3,1,1,3,Desmond Bane
-1,TOT,2024-04-01T00:00:00,48,22,26,0.458,834.12,159,381,0.417,49,147,0.333,72,93,0.774,38,111,149,94,60,26,17,28,57,64,439,-188,827.8,1,0,817.0,1,1,1,1,1,1,1,1,1,1,1,1,1,1,1,1,1,1,1,1,1,1,1,1,1,1,1,1,1,1,Dalano Banton
1610612757,POR,2024-04-01T00:00:00,24,4,20,0.167,663.0266666666666,140,330,0.424,47,131,0.359,56,73,0.767,26,88,114,75,50,21,14,25,37,49,383,-208,687.3,1,0,689.0,3,4,3,4,2,1,1,1,1,1,1,1,1,2,2,1,2,2,2,2,1,4,3,1,1,4,1,1,1,1,Dalano Banton
1610612759,SAS,2024-03-27T00:00:00,33,7,26,0.212,419.54,56,113,0.496,3,9,0.333,29,42,0.69,45,68,113,36,9,12,14,8,47,31,144,-32,402.6,0,0,348.0,1,1,2,1,1,1,1,2,1,1,1,1,1,2,2,1,1,1,2,1,2,1,1,1,1,1,1,2,1,1,Dominick Barlow
1610612761,TOR,2024-03-01T00:00:00,60,22,38,0.367,2094.248333333333,447,942,0.475,101,296,0.341,196,251,0.781,141,353,494,363,165,75,88,48,118,215,1191,-144,2652.3,25,4,2475.0,3,3,2,3,3,3,2,2,1,1,1,1,1,1,3,2,3,2,1,3,1,3,1,2,1,3,1,1,1,1,Scottie Barnes
-1,TOT,2024-04-02T00:00:00,54,24,30,0.444,1702.4016666666666,396,807,0.491,88,236,0.373,184,261,0.705,46,239,285,177,107,28,20,83,117,186,1064,-129,1708.5,1,0,1710.0,1,1,1,1,1,1,1,1,1,1,1,1,1,1,1,1,1,1,1,1,1,1,1,1,1,1,1,1,1,1,RJ Barrett
1610612761,TOR,2024-04-02T00:00:00,28,9,19,0.321,935.8933333333332,232,419,0.554,45,106,0.425,81,137,0.591,27,147,174,114,60,16,11,42,72,101,590,-112,990.8,1,0,977.0,5,6,2,5,5,5,5,1,5,6,1,6,5,6,5,5,5,5,5,5,5,2,2,5,5,4,5,5,1,5,RJ Barrett
1610612759,SAS,2023-12-01T00:00:00,19,3,16,0.158,205.275,29,40,0.725,0,1,0.0,5,6,0.833,23,53,76,21,15,8,17,1,31,10,63,-46,245.7,0,0,210.0,3,3,2,3,2,3,3,1,2,3,2,3,3,1,2,2,2,2,2,2,2,1,1,3,3,3,2,2,1,2,Charles Bassey
1610612739,CLE,2024-03-25T00:00:00,13,7,6,0.538,101.565,12,37,0.324,9,28,0.321,1,4,0.25,1,10,11,7,2,1,2,2,5,5,34,-58,64.7,0,0,67.0,1,1,1,1,1,1,1,1,1,1,1,1,1,1,1,1,1,1,1,1,1,1,1,1,1,1,1,1,1,1,Emoni Bates
-1,TOT,2024-03-23T00:00:00,53,29,24,0.547,664.59,72,166,0.434,21,69,0.304,32,42,0.762,31,79,110,38,15,25,22,16,35,26,197,-55,512.0,0,0,460.0,1,1,1,1,2,2,2,1,2,2,2,2,2,1,1,2,2,1,2,1,2,1,1,2,2,1,2,1,1,2,Keita Bates-Diop
1610612751,BKN,2024-03-23T00:00:00,14,6,8,0.429,67.59,8,16,0.5,1,5,0.2,6,6,1.0,1,8,9,4,2,3,2,1,2,4,23,-13,52.8,0,0,47.0,7,7,2,3,8,8,8,3,8,8,8,8,8,1,8,8,8,7,8,7,8,1,1,8,8,3,8,2,1,8,Keita Bates-Diop
-1,TOT,2024-04-02T00:00:00,54,30,24,0.556,1351.545,107,227,0.471,66,162,0.407,15,21,0.714,66,156,222,112,37,41,36,1,101,24,295,130,923.4,0,0,849.0,1,1,1,1,1,1,1,1,1,1,1,1,1,1,1,1,1,1,1,1,1,1,1,1,1,1,1,1,1,1,Nicolas Batum
1610612755,PHI,2024-04-02T00:00:00,51,28,23,0.549,1297.4366666666667,104,219,0.475,64,155,0.413,15,21,0.714,66,149,215,107,36,38,32,1,96,24,287,130,879.5,0,0,813.0,14,12,4,10,14,15,15,2,13,14,1,15,15,14,7,13,14,11,14,14,12,2,6,16,15,7,14,11,6,14,Nicolas Batum
1610612749,MIL,2024-04-02T00:00:00,72,44,28,0.611,2151.903333333333,299,667,0.448,211,502,0.42,24,34,0.706,41,230,271,98,51,57,9,26,148,38,833,345,1452.2,1,0,1545.0,3,3,5,4,1,3,4,4,2,2,2,6,6,8,1,1,1,2,4,1,3,7,10,3,3,1,2,1,1,2,Malik Beasley
1610612749,MIL,2024-03-24T00:00:00,46,30,16,0.652,592.955,75,157,0.478,28,72,0.389,19,28,0.679,22,74,96,30,27,12,6,16,53,20,197,-11,384.2,0,0,387.0,2,2,1,2,2,2,2,1,2,2,1,2,2,2,2,2,2,2,2,2,2,1,1,2,2,1,2,1,1,2,MarJon Beauchamp
-1,TOT,2024-04-01T00:00:00,37,18,19,0.486,538.8533333333334,71,185,0.384,62,160,0.388,27,30,0.9,7,42,49,30,11,19,9,6,42,23,231,-60,407.8,0,0,428.0,2,2,1,2,2,2,2,1,2,2,1,2,2,1,2,2,2,2,2,1,2,2,1,2,2,2,2,1,1,2,Davis Bertans
-1,TOT,2024-04-02T00:00:00,69,41,28,0.594,1356.0883333333334,143,352,0.406,54,169,0.32,70,86,0.814,44,169,213,194,62,40,31,13,123,90,410,-74,1107.6,1,0,1013.0,1,1,1,1,2,2,2,1,2,2,2,1,1,1,1,2,2,1,1,2,2,2,1,2,2,1,2,2,1,2,Patrick Beverley
1610612749,MIL,2024-04-02T00:00:00,22,14,8,0.636,437.0416666666667,39,111,0.351,19,60,0.317,19,23,0.826,14,54,68,50,13,16,13,5,40,27,116,-59,346.6,0,0,311.0,12,12,2,5,13,14,14,14,14,13,13,12,12,2,14,13,13,13,14,14,13,3,2,14,14,13,13,9,1,13,Patrick Beverley
1610612755,PHI,2024-02-07T00:00:00,47,27,20,0.574,919.0466666666666,104,241,0.432,35,109,0.321,51,63,0.81,30,115,145,144,49,24,18,8,83,63,294,-15,761.0,1,0,702.0,8,8,8,9,9,8,8,2,11,10,12,6,6,5,9,9,8,8,8,11,11,5,4,9,8,12,9,7,1,9,Patrick Beverley
1610612737,ATL,2024-03-10T00:00:00,63,28,35,0.444,2061.6583333333333,290,697,0.416,113,358,0.316,170,203,0.837,167,244,411,92,54,51,11,49,88,139,863,-19,1626.2,8,0,1603.0,3,1,2,2,2,2,2,2,3,3,5,3,3,4,1,3,2,3,3,3,4,4,3,2,2,2,2,1,1,2,Saddiq Bey
1610612753,ORL,2024-03-30T00:00:00,57,32,25,0.561,932.5866666666668,124,203,0.611,2,13,0.154,54,82,0.659,108,170,278,78,42,30,71,15,104,76,304,40,1015.6,5,0,864.0,1,1,4,2,1,2,2,1,5,5,6,2,2,5,1,1,1,1,2,1,1,4,5,2,2,1,1,1,1,1,Goga Bitadze
1610612741,CHI,2024-04-01T00:00:00,19,8,11,0.421,227.64166666666668,28,68,0.412,11,36,0.306,3,4,0.75,6,24,30,13,7,3,2,4,20,7,70,-33,133.5,0,0,134.0,1,1,1,1,1,1,1,1,1,1,1,1,1,1,1,1,1,1,1,1,1,1,1,1,1,1,1,1,1,1,Onuralp Bitim
-1,TOT,2024-03-29T00:00:00,37,18,19,0.486,757.745,68,123,0.553,0,0,0.0,24,50,0.48,60,137,197,53,42,11,35,13,88,44,160,-65,571.9,2,0,502.0,1,1,1,1,1,1,1,1,1,1,1,1,1,1,1,1,1,1,1,1,1,1,1,1,1,1,1,1,1,1,Bismack Biyombo
1610612763,MEM,2024-01-09T00:00:00,30,14,16,0.467,718.0883333333334,67,119,0.563,0,0,0.0,22,46,0.478,57,134,191,51,38,10,34,11,82,42,156,-62,555.7,2,0,486.0,13,12,3,6,12,13,13,6,1,4,1,13,13,12,13,12,12,5,11,11,12,3,3,13,13,7,12,12,1,12,Bismack Biyombo
1610612753,ORL,2024-03-30T00:00:00,65,37,28,0.569,1133.66,111,242,0.459,35,91,0.385,49,80,0.613,33,105,138,90,53,35,21,16,108,77,306,-27,721.6,0,0,681.0,1,1,1,1,1,1,1,1,1,1,1,1,1,1,1,1,1,1,1,1,1,1,1,1,1,1,1,1,1,1,Anthony Black
1610612737,ATL,2024-04-01T00:00:00,72,34,38,0.472,2178.141666666667,434,1007,0.431,221,584,0.378,134,147,0.912,50,203,253,226,97,88,22,48,163,117,1223,191,2098.6,1,0,2143.0,2,1,5,5,1,1,1,5,1,1,4,1,2,1,1,2,1,3,4,1,1,7,6,4,1,2,1,2,1,1,Bogdan Bogdanovic
-1,TOT,2024-04-02T00:00:00,50,14,36,0.28,1358.47,281,622,0.452,121,308,0.393,110,141,0.78,21,122,143,92,95,28,5,41,91,108,793,-323,1106.6,1,0,1215.0,2,2,1,2,2,2,2,1,2,2,1,2,2,2,2,2,2,2,2,2,2,1,1,2,2,2,2,1,1,2,Bojan Bogdanovic
1610612765,DET,2024-02-04T00:00:00,28,3,25,0.107,920.9333333333332,199,425,0.468,86,207,0.415,81,104,0.779,13,81,94,71,63,23,4,29,57,83,565,-251,802.3,1,0,870.0,10,12,6,12,10,10,10,4,10,10,2,10,10,12,11,10,10,9,10,10,6,3,3,10,10,9,10,2,1,10,Bojan Bogdanovic
-1,TOT,2024-04-01T00:00:00,5,2,3,0.4,30.51333333333333,2,4,0.5,0,0,0.0,0,0,0.0,2,6,8,0,1,0,0,0,5,1,4,-4,12.6,0,0,12.0,1,1,1,1,1,1,1,1,1,1,1,1,1,1,1,1,1,1,1,1,1,1,1,1,1,1,1,1,1,1,Marques Bolden
1610612749,MIL,2023-12-17T00:00:00,2,2,0,1.0,2.9633333333333334,0,0,0.0,0,0,0.0,0,0,0.0,0,2,2,0,0,0,0,0,1,0,0,8,2.4,0,0,2.0,3,1,1,1,3,3,3,3,1,1,1,2,2,2,3,3,3,1,3,3,2,1,2,3,3,1,4,1,1,4,Marques Bolden
1610612761,TOR,2024-03-09T00:00:00,50,16,34,0.32,704.8833333333333,110,217,0.507,31,94,0.33,71,92,0.772,62,145,207,23,28,14,24,14,68,87,322,28,690.9,0,0,659.0,5,6,5,7,5,5,5,2,5,5,2,5,5,5,5,5,5,5,4,5,5,3,3,5,5,4,5,6,1,5,Chris Boucher
1610612759,SAS,2024-04-02T00:00:00,71,16,55,0.225,1468.243333333333,251,582,0.431,81,241,0.336,54,61,0.885,27,111,138,150,83,25,7,39,88,58,637,-360,1040.6,0,0,1070.0,1,1,2,2,2,2,2,2,1,2,1,2,2,1,2,2,2,1,1,2,1,1,1,2,2,1,2,1,1,2,Malaki Branham
1610612743,DEN,2024-04-02T00:00:00,76,53,23,0.697,1493.76,199,437,0.455,54,144,0.375,87,125,0.696,69,206,275,114,51,36,32,46,128,79,539,-61,1193.0,1,0,1118.0,1,1,1,1,1,1,1,2,1,1,1,1,1,1,1,1,1,1,1,2,1,2,2,1,1,1,1,1,1,1,Christian Braun
1610612751,BKN,2024-04-01T00:00:00,76,29,47,0.382,2690.998333333333,542,1240,0.437,206,559,0.369,254,312,0.814,64,289,353,283,157,78,28,52,110,247,1544,-186,2553.1,3,0,2598.0,3,5,6,6,2,1,1,6,1,1,5,1,1,6,4,1,1,1,1,4,6,7,2,1,1,6,1,1,1,1,Mikal Bridges
1610612757,POR,2024-02-02T00:00:00,39,15,24,0.385,1120.8166666666666,218,496,0.44,82,199,0.412,95,116,0.819,28,120,148,214,60,27,8,29,58,93,613,-81,1156.6,4,0,1127.0,7,7,6,8,8,8,8,7,4,5,3,7,7,8,7,8,8,5,8,8,8,1,1,7,8,8,7,4,3,7,Malcolm Brogdon
1610612751,BKN,2024-01-03T00:00:00,10,3,7,0.3,104.02333333333333,15,46,0.326,11,32,0.344,1,2,0.5,7,11,18,5,3,1,1,4,3,1,42,28,74.1,0,0,80.0,4,3,2,2,4,3,3,3,3,4,2,4,3,4,4,4,4,4,4,4,4,2,1,4,3,1,4,1,1,4,Armoni Brooks
1610612745,HOU,2024-04-02T00:00:00,66,34,32,0.515,2033.0633333333333,299,698,0.428,119,337,0.353,111,132,0.841,47,178,225,110,84,56,9,29,215,106,828,19,1374.0,1,0,1412.0,5,3,5,4,4,5,5,3,4,4,4,5,5,2,4,3,4,5,5,5,5,3,3,6,5,4,5,1,1,5,Dillon Brooks
-1,TOT,2024-04-02T00:00:00,63,25,38,0.397,1776.0,259,552,0.469,51,158,0.323,112,133,0.842,53,222,275,182,81,58,17,40,140,93,681,-170,1428.0,2,0,1339.0,1,1,1,1,1,1,1,1,1,1,1,1,1,1,1,1,1,1,1,1,1,1,1,1,1,1,1,1,1,1,Bruce Brown
1610612761,TOR,2024-04-02T00:00:00,30,6,24,0.2,795.4216666666666,110,238,0.462,18,57,0.316,45,51,0.882,28,93,121,82,40,23,9,20,59,34,283,-250,607.2,1,0,568.0,7,7,3,7,7,7,7,5,6,7,5,6,7,1,6,7,7,7,7,7,6,1,1,7,7,7,7,4,2,7,Bruce Brown
1610612757,POR,2024-04-01T00:00:00,20,4,16,0.2,170.07833333333335,26,53,0.491,0,0,0.0,6,25,0.24,30,40,70,7,8,3,7,10,23,22,58,-56,174.5,0,0,155.0,4,5,5,6,4,5,4,5,1,1,1,5,5,6,3,5,4,2,4,3,4,5,3,4,5,6,5,4,1,5,Moses Brown
-1,TOT,2024-04-01T00:00:00,52,29,23,0.558,650.4133333333333,71,183,0.388,41,120,0.342,28,33,0.848,19,96,115,49,26,14,2,10,35,25,211,-79,444.5,0,0,448.0,1,1,1,1,1,1,1,2,1,1,1,1,1,1,2,1,1,1,1,1,2,2,1,1,1,2,1,1,1,1,Troy Brown Jr.
1610612765,DET,2024-04-01T00:00:00,15,1,14,0.067,240.6233333333333,19,65,0.292,10,36,0.278,9,11,0.818,5,38,43,14,8,6,0,8,9,10,57,-80,139.6,0,0,136.0,7,8,3,8,7,8,7,8,7,7,8,7,7,4,8,7,8,7,7,7,8,4,1,7,8,7,8,4,1,8,Troy Brown Jr.
1610612737,ATL,2024-04-01T00:00:00,10,7,3,0.7,106.23166666666668,14,41,0.341,6,20,0.3,2,4,0.5,2,14,16,18,6,3,2,4,7,2,36,7,91.2,0,0,86.0,1,1,1,1,1,1,1,1,1,1,1,1,1,1,1,1,1,1,1,1,1,1,1,1,1,1,1,1,1,1,Kobe Bufkin
1610612745,HOU,2024-04-02T00:00:00,37,21,16,0.568,348.29833333333335,30,74,0.405,24,60,0.4,1,1,1.0,6,59,65,13,8,9,3,2,20,3,85,-27,210.5,0,0,211.0,7,8,6,6,11,11,11,9,9,10,4,13,13,1,10,6,8,10,10,10,7,2,3,13,11,9,11,2,1,11,Reggie Bullock Jr.
-1,TOT,2024-04-02T00:00:00,63,16,47,0.254,1183.395,209,562,0.372,123,327,0.376,143,165,0.867,24,123,147,84,46,25,12,20,74,126,684,-256,1051.4,0,0,1112.0,3,3,3,3,3,2,2,3,1,1,2,2,2,2,3,3,3,3,3,3,3,1,1,2,2,2,3,3,1,2,Alec Burks
1610612765,DET,2024-02-07T00:00:00,43,7,36,0.163,900.5766666666667,160,406,0.394,99,247,0.401,121,134,0.903,16,94,110,68,32,21,11,11,64,104,540,-186,838.0,0,0,881.0,9,15,13,17,10,8,7,15,3,2,6,5,7,1,12,11,12,9,13,10,7,5,7,7,6,14,8,6,1,7,Alec Burks
1610612743,DEN,2024-04-02T00:00:00,70,50,20,0.714,2227.315,241,536,0.45,112,279,0.401,101,111,0.91,29,138,167,170,69,94,38,14,137,96,695,510,1477.4,0,0,1408.0,9,3,2,2,7,8,8,3,9,9,3,8,9,1,10,9,9,3,7,4,1,2,4,9,8,1,8,6,1,8,Kentavious Caldwell-Pope
1610612757,POR,2024-03-27T00:00:00,70,19,51,0.271,1739.32,197,438,0.45,58,172,0.337,75,99,0.758,139,204,343,87,84,66,33,27,174,115,527,-189,1282.1,2,0,1213.0,1,1,1,1,1,1,1,1,1,1,1,1,1,1,1,1,1,1,1,1,1,1,1,1,1,1,1,1,1,1,Toumani Camara
1610612737,ATL,2024-04-01T00:00:00,67,32,35,0.478,1710.0866666666666,324,570,0.568,0,1,0.0,118,186,0.634,315,392,707,80,65,39,102,68,156,153,766,-25,2092.4,35,0,1835.0,4,8,9,10,6,7,5,9,1,1,1,4,5,2,1,6,6,3,5,7,3,10,5,4,7,9,5,4,2,5,Clint Capela
1610612741,CHI,2024-04-01T00:00:00,68,33,35,0.485,923.9183333333332,127,331,0.384,71,210,0.338,4,7,0.571,9,46,55,79,34,33,14,6,67,13,329,13,620.5,0,0,628.0,2,3,7,6,3,2,2,5,2,2,5,6,6,6,5,6,6,3,2,3,3,3,5,6,2,3,3,3,1,3,Jevon Carter
1610612753,ORL,2024-04-01T00:00:00,48,27,21,0.563,1248.486666666667,197,375,0.525,54,145,0.372,90,130,0.692,98,246,344,86,62,31,26,20,102,129,538,62,1188.8,8,0,1136.0,3,1,3,1,4,3,3,2,3,3,1,4,4,6,4,4,4,3,5,3,5,3,3,4,3,1,3,4,1,3,Wendell Carter Jr.
1610612741,CHI,2024-04-01T00:00:00,67,32,35,0.478,1896.6983333333333,239,514,0.465,128,316,0.405,70,92,0.761,59,199,258,219,94,110,68,23,171,129,676,7,1754.1,1,0,1637.0,1,3,7,5,1,1,1,1,1,1,2,1,2,4,1,1,1,1,1,1,1,5,7,1,1,6,1,2,1,1,Alex Caruso
1610612747,LAL,2024-04-02T00:00:00,11,6,5,0.545,51.28666666666667,7,12,0.583,0,0,0.0,4,4,1.0,4,6,10,3,3,1,0,1,10,2,18,-39,34.5,0,0,33.0,1,1,1,1,1,1,1,1,1,1,1,1,1,1,1,1,1,1,1,1,1,1,1,1,1,1,1,1,1,1,Colin Castleton
1610612765,DET,2023-11-05T00:00:00,1,0,1,0.0,2.583333333333333,0,0,0.0,0,0,0.0,0,0,0.0,0,0,0,0,0,0,0,0,0,0,0,5,0.0,0,0,0.0,1,1,1,1,1,1,1,1,1,1,1,1,1,1,1,1,1,1,1,1,1,1,1,1,1,1,1,1,1,1,Malcolm Cazalon
1610612759,SAS,2024-04-02T00:00:00,68,15,53,0.221,1273.8866666666668,138,348,0.397,89,243,0.366,60,74,0.811,39,141,180,87,48,42,37,17,70,53,425,-116,960.5,0,0,939.0,1,1,3,3,1,1,1,2,1,1,2,1,1,2,1,1,1,1,1,1,1,3,3,1,1,3,1,2,1,1,Julian Champagnie
1610612747,LAL,2024-04-02T00:00:00,62,35,27,0.565,929.5083333333332,102,235,0.434,42,115,0.365,34,44,0.773,15,125,140,58,35,20,17,21,57,27,280,-13,611.0,0,0,594.0,1,1,2,1,1,1,1,1,1,1,2,1,1,2,1,1,1,1,1,1,1,2,2,1,1,1,1,1,1,1,Max Christie
1610612759,SAS,2024-04-02T00:00:00,7,1,6,0.143,36.958333333333336,1,6,0.167,0,4,0.0,4,4,1.0,0,7,7,0,1,3,0,1,3,2,6,15,22.4,0,0,19.0,1,1,1,1,1,1,1,1,1,1,1,1,1,1,1,1,1,1,1,1,1,1,1,1,1,1,1,1,1,1,Sidy Cissoko
1610612763,MEM,2024-04-01T00:00:00,3,1,2,0.333,63.89,16,28,0.571,1,3,0.333,1,3,0.333,8,8,16,4,1,3,3,1,5,4,34,19,76.2,0,0,67.0,5,5,1,5,5,5,5,4,4,5,2,5,5,5,5,5,5,5,5,5,5,1,1,5,5,2,5,5,1,5,Brandon Clarke
1610612751,BKN,2024-04-01T00:00:00,66,24,42,0.364,1965.1616666666664,344,547,0.629,1,5,0.2,104,184,0.565,181,472,653,134,82,46,132,37,165,220,793,-298,2229.6,28,0,1937.0,2,2,5,4,2,2,2,3,1,2,1,2,2,2,2,2,2,2,2,2,2,5,4,1,2,5,2,1,1,2,Nic Claxton
1610612751,BKN,2024-04-01T00:00:00,17,7,10,0.412,186.3583333333333,20,44,0.455,4,16,0.25,8,12,0.667,12,27,39,11,8,5,3,4,14,11,52,3,131.3,0,0,122.0,1,1,1,1,1,1,1,1,1,1,1,1,1,1,1,1,1,1,1,1,1,1,1,1,1,1,1,1,1,1,Noah Clowney
1610612759,SAS,2024-04-02T00:00:00,63,15,48,0.238,1401.9116666666666,267,556,0.48,52,167,0.311,109,147,0.741,106,224,330,179,120,31,46,35,195,137,695,-375,1470.5,3,0,1410.0,3,4,6,6,2,2,1,3,2,1,5,1,1,5,3,2,2,2,2,2,3,5,5,2,2,6,2,2,1,2,Zach Collins
1610612749,MIL,2024-04-02T00:00:00,69,43,26,0.623,1502.6416666666669,139,306,0.454,78,213,0.366,40,53,0.755,46,175,221,142,44,34,17,7,86,55,396,7,983.2,0,0,939.0,2,4,8,6,3,6,6,5,4,4,4,2,2,7,5,6,6,1,2,4,5,3,6,2,6,6,5,3,1,5,Pat Connaughton
1610612755,PHI,2024-03-31T00:00:00,27,10,17,0.37,235.55666666666667,47,98,0.48,9,27,0.333,50,68,0.735,13,28,41,11,4,2,1,5,13,42,153,-5,223.7,1,0,220.0,1,1,1,1,1,1,1,1,1,1,1,1,1,1,1,1,1,1,1,1,1,1,1,1,1,1,1,1,1,1,Ricky Council IV
-1,TOT,2023-12-30T00:00:00,29,20,9,0.69,488.415,43,98,0.439,19,56,0.339,22,26,0.846,31,66,97,24,11,39,18,7,56,19,127,104,439.4,0,0,381.0,4,3,1,1,4,4,4,1,4,4,3,4,4,1,3,4,4,4,4,4,4,1,1,4,4,1,4,4,1,4,Robert Covington
1610612755,PHI,2023-12-30T00:00:00,26,18,8,0.692,419.1283333333333,40,89,0.449,17,48,0.354,21,24,0.875,29,60,89,17,11,33,16,7,49,15,118,59,386.3,0,0,339.0,9,6,4,1,13,13,13,2,13,13,9,12,12,1,9,12,12,12,13,11,13,5,4,13,13,5,12,11,1,13,Robert Covington
1610612741,CHI,2024-04-01T00:00:00,47,19,28,0.404,946.7516666666668,100,231,0.433,56,144,0.389,25,33,0.758,64,128,192,52,29,26,19,8,99,31,281,-185,695.4,0,0,671.0,5,6,7,8,5,5,5,8,3,3,2,4,6,3,3,4,4,4,4,3,5,4,6,6,5,8,5,7,1,5,Torrey Craig
1610612749,MIL,2024-04-02T00:00:00,44,24,20,0.545,1020.17,103,235,0.438,52,146,0.356,21,29,0.724,23,118,141,60,19,36,7,6,71,30,279,-45,648.2,0,0,618.0,11,10,7,11,11,12,12,6,10,12,5,13,13,13,11,11,11,9,12,11,13,3,5,12,12,13,11,7,1,11,Jae Crowder
1610612765,DET,2024-04-01T00:00:00,62,9,53,0.145,2074.225,524,1167,0.449,119,335,0.355,238,274,0.869,33,235,268,464,212,56,22,92,153,194,1405,-350,2444.6,14,0,2412.0,2,2,3,3,2,1,1,1,1,2,1,1,1,1,2,2,2,1,2,2,2,3,2,1,1,3,1,1,2,1,Cade Cunningham
-1,TOT,2024-03-01T00:00:00,44,25,19,0.568,615.4133333333333,80,204,0.392,38,108,0.352,28,31,0.903,18,50,68,44,21,22,6,9,39,28,226,60,436.6,0,0,432.0,2,2,2,2,2,2,2,2,2,2,3,2,2,1,2,2,2,2,2,2,2,2,2,2,2,2,2,2,1,2,Seth Curry
1610612747,LAL,2024-04-02T00:00:00,71,41,30,0.577,2538.3866666666668,670,1210,0.554,27,98,0.276,382,471,0.811,221,680,901,250,149,81,167,80,166,377,1749,93,3800.2,60,2,3423.0,3,3,6,4,3,3,3,2,6,7,6,4,4,3,1,2,1,1,4,7,4,12,10,4,3,7,3,1,1,3,Anthony Davis
1610612741,CHI,2024-04-01T00:00:00,74,35,39,0.473,2783.8,592,1247,0.475,68,210,0.324,492,574,0.857,41,277,318,388,117,82,44,71,153,409,1744,-69,2968.6,6,0,2770.0,9,10,11,9,5,8,8,7,2,2,4,5,5,4,11,8,9,4,14,6,1,7,5,4,7,9,6,4,2,6,DeMar DeRozan
1610612761,TOR,2024-04-02T00:00:00,54,16,38,0.296,1090.1916666666666,157,372,0.422,73,202,0.361,38,44,0.864,25,83,108,67,43,30,2,19,77,43,425,-321,708.1,0,0,737.0,1,1,1,1,1,1,1,1,1,1,1,1,1,1,1,1,1,1,1,1,1,1,1,1,1,1,1,1,1,1,Gradey Dick
-1,TOT,2024-04-02T00:00:00,70,34,36,0.486,2016.9416666666664,238,612,0.389,115,348,0.33,154,195,0.79,29,161,190,344,86,48,22,18,131,135,745,58,1613.0,4,0,1534.0,2,3,2,3,2,3,3,3,2,2,3,3,3,2,2,3,3,3,3,2,2,1,1,3,3,1,3,3,2,3,Spencer Dinwiddie
1610612747,LAL,2024-04-02T00:00:00,22,15,7,0.682,543.0183333333333,43,113,0.381,26,70,0.371,29,35,0.829,3,29,32,56,24,10,13,2,45,25,141,85,308.4,0,0,301.0,11,8,3,2,10,11,11,9,10,10,4,11,10,3,12,11,11,11,11,11,6,2,4,12,11,1,11,9,2,11,Spencer Dinwiddie
1610612751,BKN,2024-02-06T00:00:00,48,19,29,0.396,1473.9233333333334,195,499,0.391,89,278,0.32,125,160,0.781,26,132,158,288,62,38,9,16,86,110,604,-27,1304.6,4,0,1233.0,6,6,9,10,5,5,5,7,5,5,7,6,5,10,5,7,7,4,7,6,7,6,7,7,5,6,5,5,2,5,Spencer Dinwiddie
1610612741,CHI,2024-04-01T00:00:00,74,36,38,0.486,2137.52,346,692,0.5,113,285,0.396,81,99,0.818,50,155,205,233,94,64,34,57,159,80,886,-154,1681.5,1,0,1633.0,3,3,2,3,1,1,1,2,1,1,1,1,1,1,1,3,3,2,3,1,1,3,1,1,1,2,1,2,1,1,Ayo Dosunmu
1610612741,CHI,2024-04-01T00:00:00,76,36,40,0.474,1298.118333333333,255,462,0.552,0,3,0.0,125,212,0.59,255,425,680,37,78,67,47,42,134,180,635,14,1770.5,16,0,1580.0,7,4,11,9,8,8,8,6,7,8,7,8,8,5,7,8,8,9,10,8,9,7,7,8,8,5,8,9,1,8,Andre Drummond
1610612765,DET,2024-04-01T00:00:00,57,13,44,0.228,1666.915,326,518,0.629,0,3,0.0,126,162,0.778,185,488,673,141,121,30,47,43,183,137,778,-263,1907.1,41,0,1746.0,2,2,1,2,2,1,1,2,1,1,1,1,1,1,2,1,1,1,1,2,2,2,2,1,1,1,1,1,1,1,Jalen Duren
1610612745,HOU,2024-01-01T00:00:00,22,12,10,0.545,480.105,88,189,0.466,18,50,0.36,21,33,0.636,46,107,153,27,20,31,19,17,51,24,215,88,569.1,3,0,513.0,2,2,1,1,2,2,2,1,2,2,1,2,2,2,2,2,2,2,2,2,2,1,1,2,2,1,2,2,1,2,Tari Eason
1610612755,PHI,2024-04-02T00:00:00,35,27,8,0.771,1186.2216666666666,408,768,0.531,41,115,0.357,368,415,0.887,90,300,390,200,132,42,60,48,102,269,1225,232,2167.0,27,2,2060.0,7,7,1,1,7,6,7,2,7,7,4,5,7,1,7,7,7,4,7,6,8,4,1,7,6,6,7,7,1,7,Joel Embiid
1610612737,ATL,2024-04-01T00:00:00,38,19,19,0.5,538.2533333333333,89,150,0.593,0,4,0.0,45,69,0.652,55,109,164,36,37,24,26,16,82,55,223,-17,586.8,0,0,523.0,2,2,5,3,2,2,2,2,3,2,3,1,1,5,2,2,2,2,2,1,2,6,6,1,2,3,2,4,1,2,Bruno Fernando
1610612751,BKN,2024-04-01T00:00:00,66,26,40,0.394,1874.8633333333328,210,499,0.421,116,329,0.353,32,44,0.727,106,202,308,105,54,55,38,18,145,44,568,-115,1320.1,0,0,1283.0,5,6,7,8,5,5,4,5,3,2,5,5,5,6,4,5,5,3,4,3,3,4,6,6,5,8,4,8,1,5,Dorian Finney-Smith
-1,TOT,2024-04-01T00:00:00,62,27,35,0.435,732.985,101,246,0.411,47,136,0.346,37,50,0.74,20,81,101,101,50,28,8,15,56,46,286,-154,616.7,0,0,607.0,1,1,1,1,1,1,1,1,1,1,1,1,1,1,1,1,1,1,1,1,1,1,1,1,1,1,1,1,1,1,Malachi Flynn
1610612765,DET,2024-04-01T00:00:00,17,3,14,0.176,198.20333333333332,36,86,0.419,15,43,0.349,11,17,0.647,7,23,30,22,14,9,2,6,11,13,98,-83,186.0,0,0,187.0,5,6,2,6,5,5,5,1,5,5,3,5,5,5,5,5,5,5,4,5,5,2,2,5,5,5,5,2,1,5,Malachi Flynn
1610612761,TOR,2023-12-29T00:00:00,31,12,19,0.387,474.26166666666666,56,137,0.409,28,80,0.35,17,22,0.773,13,52,65,73,33,18,6,6,42,24,157,-67,383.5,0,0,371.0,4,4,3,5,4,4,4,2,4,4,2,3,4,3,2,4,3,2,2,4,2,2,3,4,4,4,4,2,1,4,Malachi Flynn
-1,TOT,2024-03-17T00:00:00,66,29,37,0.439,1643.8933333333334,252,548,0.46,134,334,0.401,54,66,0.818,64,182,246,101,68,44,23,35,110,61,692,-27,1271.7,0,0,1307.0,1,1,1,1,1,1,1,1,1,1,1,1,1,1,1,1,1,1,1,1,1,1,1,1,1,1,1,1,1,1,Simone Fontecchio
1610612765,DET,2024-03-17T00:00:00,16,4,12,0.25,484.11,91,190,0.479,43,101,0.426,22,26,0.846,12,58,70,28,17,14,5,14,29,26,247,-36,413.0,0,0,426.0,3,3,1,3,3,3,3,1,3,3,1,3,3,1,3,2,3,3,3,3,3,1,1,3,3,2,3,1,1,3,Simone Fontecchio
1610612737,ATL,2024-03-30T00:00:00,36,18,18,0.5,387.76166666666666,31,85,0.365,2,10,0.2,13,16,0.813,10,36,46,85,18,10,3,5,25,14,77,-75,280.7,0,0,236.0,2,3,3,3,2,3,2,4,3,3,1,3,3,2,3,2,2,2,3,2,3,2,3,3,3,4,2,1,1,2,Trent Forrest
-1,TOT,2024-04-01T00:00:00,26,7,19,0.269,463.465,61,176,0.347,29,109,0.266,24,29,0.828,4,44,48,40,18,26,4,5,41,15,175,-100,364.6,0,0,352.0,2,2,1,2,2,2,2,2,2,2,2,2,2,1,2,2,2,2,2,2,2,1,1,2,2,2,2,1,1,2,Evan Fournier
1610612765,DET,2024-04-01T00:00:00,23,5,18,0.217,424.83166666666665,57,156,0.365,27,94,0.287,22,27,0.815,4,40,44,37,17,22,4,5,37,14,163,-89,332.3,0,0,323.0,12,13,6,14,13,12,12,12,12,12,13,11,11,6,12,12,12,12,13,10,8,3,2,12,13,9,12,3,1,12,Evan Fournier
1610612761,TOR,2024-04-02T00:00:00,15,1,14,0.067,249.93,32,76,0.421,4,25,0.16,21,24,0.875,9,36,45,23,13,7,2,8,19,20,89,-89,191.5,0,0,179.0,1,1,1,1,1,1,1,1,1,1,1,1,1,1,1,1,1,1,1,1,1,1,1,1,1,1,1,1,1,1,Javon Freeman-Liberty
1610612747,LAL,2023-11-30T00:00:00,4,1,3,0.25,14.466666666666669,1,6,0.167,0,2,0.0,2,2,1.0,2,0,2,0,1,0,0,1,1,1,4,-20,5.4,0,0,6.0,1,1,1,1,1,1,1,1,1,1,1,1,1,1,1,1,1,1,1,1,1,1,1,1,1,1,1,1,1,1,Alex Fudge
1610612753,ORL,2024-04-01T00:00:00,36,22,14,0.611,766.2116666666667,124,272,0.456,3,14,0.214,17,27,0.63,48,68,116,108,42,36,12,21,54,35,268,31,671.2,0,0,591.0,3,3,5,4,3,3,3,4,6,5,6,5,5,5,2,3,3,3,3,3,2,5,5,4,3,1,3,6,3,3,Markelle Fultz
-1,TOT,2024-04-02T00:00:00,68,25,43,0.368,1681.6933333333334,316,443,0.713,0,0,0.0,116,168,0.69,188,341,529,104,67,62,141,33,212,149,748,-94,2080.8,14,0,1787.0,1,2,2,2,1,1,1,1,1,1,1,1,1,1,1,1,1,1,1,1,1,2,2,1,1,2,1,1,1,1,Daniel Gafford
-1,TOT,2024-04-02T00:00:00,46,15,31,0.326,597.24,80,181,0.442,30,91,0.33,77,91,0.846,19,83,102,52,20,13,6,7,47,76,267,-95,504.4,0,0,489.0,2,2,2,2,2,2,2,1,2,2,2,2,2,2,2,2,2,2,2,2,2,1,1,2,2,2,2,2,1,2,Danilo Gallinari
1610612749,MIL,2024-04-02T00:00:00,14,9,5,0.643,122.695,11,28,0.393,3,15,0.2,9,11,0.818,5,7,12,9,7,5,1,1,12,7,34,-44,72.9,0,0,70.0,15,14,1,2,16,17,16,17,17,16,17,17,17,15,16,17,17,17,16,16,17,1,2,17,17,14,17,11,1,17,Danilo Gallinari
1610612765,DET,2024-02-07T00:00:00,6,1,5,0.167,89.52166666666666,12,22,0.545,7,12,0.583,21,24,0.875,2,12,14,12,1,2,2,2,9,17,52,26,97.8,0,0,93.0,17,17,1,17,17,16,17,1,16,17,1,16,16,10,17,16,16,16,17,17,16,2,1,16,16,10,16,11,1,16,Danilo Gallinari
1610612739,CLE,2024-04-02T00:00:00,52,29,23,0.558,1726.2983333333334,336,753,0.446,117,321,0.364,138,165,0.836,27,109,136,342,160,62,6,42,90,147,927,114,1647.2,6,0,1658.0,5,3,1,2,5,4,4,4,3,3,4,3,3,5,3,3,3,3,4,4,3,3,1,4,4,3,3,3,2,3,Darius Garland
-1,TOT,2024-03-27T00:00:00,22,10,12,0.455,98.13666666666668,23,50,0.46,3,14,0.214,7,13,0.538,12,16,28,6,6,2,3,2,15,10,56,-36,107.6,0,0,103.0,1,1,1,1,1,1,1,1,1,1,1,1,1,1,1,1,1,1,1,1,1,1,1,1,1,1,1,1,1,1,Harry Giles III
1610612747,LAL,2024-03-27T00:00:00,6,4,2,0.667,16.886666666666667,1,6,0.167,0,3,0.0,0,0,0.0,0,2,2,0,0,1,0,1,0,0,2,-28,7.4,0,0,6.0,5,5,1,1,5,5,5,5,3,4,3,5,5,5,5,5,5,5,5,4,5,1,1,5,5,2,5,2,1,5,Harry Giles III
1610612751,BKN,2024-02-03T00:00:00,16,6,10,0.375,81.25,22,44,0.5,3,11,0.273,7,13,0.538,12,14,26,6,6,1,3,1,15,10,54,-8,100.2,0,0,97.0,4,4,2,5,4,4,4,3,2,2,2,4,4,4,4,4,4,4,4,4,4,1,2,4,4,1,4,2,1,4,Harry Giles III
1610612743,DEN,2024-03-31T00:00:00,24,15,9,0.625,225.365,32,69,0.464,15,38,0.395,8,12,0.667,1,20,21,27,14,13,0,3,24,12,87,15,177.7,0,0,176.0,1,1,1,1,1,1,1,1,1,1,1,1,1,1,1,1,1,1,1,1,1,1,1,1,1,1,1,1,1,1,Collin Gillespie
-1,TOT,2024-03-27T00:00:00,39,12,27,0.308,668.6566666666666,60,146,0.411,51,122,0.418,2,2,1.0,8,35,43,133,29,28,5,5,37,14,173,-155,494.1,0,0,466.0,1,1,1,1,1,1,1,1,1,1,1,1,1,1,1,1,1,1,1,1,1,1,1,1,1,1,1,1,1,1,Jacob Gilyard
1610612751,BKN,2024-03-27T00:00:00,2,2,0,1.0,14.895,0,2,0.0,0,2,0.0,0,0,0.0,0,0,0,2,0,1,0,0,2,0,0,1,6.0,0,0,4.0,2,2,1,1,3,3,3,3,3,3,3,2,2,2,2,3,3,3,3,3,2,1,1,2,3,1,3,1,1,3,Jacob Gilyard
1610612763,MEM,2024-02-15T00:00:00,37,10,27,0.27,653.7616666666667,60,144,0.417,51,120,0.425,2,2,1.0,8,35,43,131,29,27,5,5,35,14,173,-156,488.1,0,0,462.0,1,1,3,2,1,1,1,1,1,1,1,1,1,1,1,1,1,1,1,1,1,3,3,1,1,3,1,1,1,1,Jacob Gilyard
-1,TOT,2024-04-01T00:00:00,51,28,23,0.549,857.42,110,299,0.368,35,120,0.292,30,41,0.732,63,124,187,127,49,39,18,22,63,36,285,-92,821.9,1,0,748.0,1,1,1,1,1,1,1,1,1,1,1,1,1,1,1,1,1,1,1,1,1,1,1,1,1,1,1,1,1,1,Jordan Goodwin
1610612763,MEM,2024-04-01T00:00:00,11,5,6,0.455,298.8933333333333,35,106,0.33,12,40,0.3,5,12,0.417,23,47,70,49,20,16,9,6,20,13,87,-70,299.5,1,0,268.0,3,3,2,3,3,3,3,3,3,3,2,3,3,3,3,3,3,3,3,3,2,2,2,3,3,3,3,1,1,3,Jordan Goodwin
1610612743,DEN,2024-04-02T00:00:00,69,47,22,0.681,2178.233333333333,381,687,0.555,39,132,0.295,161,245,0.657,166,285,451,234,101,53,42,56,135,208,962,387,2038.2,12,0,1876.0,5,1,3,2,4,5,7,2,9,8,8,4,3,9,1,7,5,2,4,6,6,10,7,3,6,2,4,4,3,5,Aaron Gordon
1610612759,SAS,2024-04-02T00:00:00,17,4,13,0.235,161.45,19,50,0.38,12,38,0.316,7,9,0.778,2,21,23,26,6,6,1,1,10,8,57,17,138.6,0,0,132.0,7,6,1,6,7,7,7,2,7,7,6,7,7,4,7,7,7,7,7,7,7,1,1,7,7,4,7,3,1,7,Devonte' Graham
1610612757,POR,2024-03-11T00:00:00,54,17,37,0.315,1830.1866666666667,383,850,0.451,111,276,0.402,255,312,0.817,37,154,191,152,116,45,34,64,117,212,1132,-351,1710.2,1,0,1744.0,8,7,8,6,5,4,3,6,4,4,1,3,4,3,8,9,9,1,1,5,10,10,3,5,3,10,5,6,1,4,Jerami Grant
1610612749,MIL,2024-04-02T00:00:00,51,33,18,0.647,522.8933333333333,75,175,0.429,62,151,0.411,15,16,0.938,8,48,56,28,9,6,3,3,45,17,227,34,354.2,0,0,391.0,1,1,2,2,1,1,1,1,1,1,2,1,1,2,1,1,1,1,1,1,1,2,2,1,1,1,1,1,1,1,AJ Green
1610612755,PHI,2023-10-28T00:00:00,2,1,1,0.5,18.45,0,2,0.0,0,1,0.0,0,0,0.0,0,2,2,1,0,1,0,0,1,0,0,0,6.9,0,0,5.0,16,15,1,15,16,16,16,16,16,16,16,14,14,14,16,16,16,16,16,15,15,1,1,16,16,13,16,5,1,16,Danny Green
1610612745,HOU,2024-04-02T00:00:00,75,38,37,0.507,2383.6983333333333,525,1229,0.427,183,547,0.335,266,332,0.801,38,347,385,262,170,60,26,103,105,262,1499,75,2442.0,7,1,2501.0,2,1,1,1,2,2,2,1,2,2,3,2,2,1,2,1,1,2,2,1,1,2,2,2,2,1,2,1,1,2,Jalen Green
1610612745,HOU,2024-04-02T00:00:00,71,36,35,0.507,1183.1083333333331,148,320,0.463,45,133,0.338,109,134,0.813,41,120,161,60,44,12,30,14,94,95,450,-53,815.2,0,0,800.0,9,6,14,13,14,16,16,9,13,14,8,15,15,9,11,14,14,15,16,19,8,4,7,15,15,12,15,14,1,15,Jeff Green
1610612737,ATL,2024-01-30T00:00:00,18,8,10,0.444,132.48,13,45,0.289,9,33,0.273,2,2,1.0,2,12,14,4,6,1,1,2,6,1,37,-28,59.8,0,0,68.0,2,2,1,2,2,2,2,2,2,2,2,2,2,1,2,2,2,2,2,2,2,1,1,2,2,2,2,1,1,2,AJ Griffin
-1,TOT,2024-03-13T00:00:00,51,32,19,0.627,1024.9433333333334,122,328,0.372,81,240,0.338,34,45,0.756,15,85,100,66,28,35,7,15,75,34,359,-39,676.0,0,0,690.0,1,1,1,1,1,1,1,1,1,1,1,1,1,1,1,1,1,1,1,1,1,1,1,1,1,1,1,1,1,1,Quentin Grimes
1610612765,DET,2024-03-13T00:00:00,6,3,3,0.5,115.37,9,42,0.214,4,28,0.143,10,11,0.909,1,11,12,14,7,5,4,2,9,6,32,-44,87.4,0,0,80.0,4,4,1,3,4,4,4,4,4,4,4,4,4,1,4,4,4,4,4,4,3,1,1,4,4,3,4,1,1,4,Quentin Grimes
1610612737,ATL,2023-10-30T00:00:00,2,2,0,1.0,4.383333333333334,0,1,0.0,0,1,0.0,0,0,0.0,0,0,0,0,0,1,0,0,1,0,0,-13,3.0,0,0,2.0,1,1,1,1,1,1,1,1,1,1,1,1,1,1,1,1,1,1,1,1,1,1,1,1,1,1,1,1,1,1,Mouhamed Gueye
1610612747,LAL,2024-04-02T00:00:00,62,36,26,0.581,1640.61,323,601,0.537,87,206,0.422,89,121,0.736,49,204,253,72,41,37,21,35,94,84,822,121,1366.6,3,0,1350.0,1,1,3,2,2,1,2,1,1,1,2,3,3,4,2,3,3,3,3,2,1,4,4,3,1,1,2,1,1,1,Rui Hachimura
1610612761,TOR,2023-11-19T00:00:00,1,1,0,1.0,3.65,0,0,0.0,0,0,0.0,0,0,0.0,0,0,0,1,0,0,0,0,2,0,0,-9,1.5,0,0,1.0,2,2,1,1,2,2,2,2,2,2,2,2,2,2,2,2,2,2,1,1,2,1,1,2,2,2,2,1,1,2,Ron Harper Jr.
1610612753,ORL,2024-04-01T00:00:00,48,32,16,0.667,1114.7716666666668,123,269,0.457,68,182,0.374,34,45,0.756,21,59,80,74,28,41,13,6,81,36,348,74,689.0,0,0,678.0,8,4,2,1,8,8,8,4,8,8,5,9,9,9,7,8,8,7,8,8,5,1,4,9,8,6,8,1,1,8,Gary Harris
1610612765,DET,2024-02-07T00:00:00,16,4,12,0.25,169.97833333333332,14,39,0.359,10,30,0.333,1,2,0.5,3,10,13,10,4,3,2,4,19,4,39,-48,80.6,0,0,82.0,8,10,3,9,9,9,9,9,9,9,9,9,9,9,9,9,9,9,9,9,7,2,2,9,9,6,9,2,1,9,Joe Harris
1610612753,ORL,2024-02-14T00:00:00,2,1,1,0.5,6.05,2,3,0.667,0,0,0.0,0,0,0.0,0,2,2,1,1,0,0,0,3,0,4,0,6.9,0,0,7.0,2,2,1,1,2,2,2,1,2,2,2,2,2,2,2,2,2,2,2,2,2,1,1,2,2,1,2,1,1,2,Kevon Harris
1610612755,PHI,2024-04-02T00:00:00,67,38,29,0.567,2271.7633333333333,444,913,0.486,87,248,0.351,179,204,0.877,72,355,427,208,91,67,42,73,112,160,1154,177,2214.4,8,0,2094.0,6,5,13,7,6,5,6,4,7,7,10,6,6,4,4,7,5,4,7,3,3,17,9,5,6,3,5,8,2,5,Tobias Harris
1610612747,LAL,2024-04-02T00:00:00,64,37,27,0.578,777.3566666666667,109,155,0.703,0,8,0.0,46,73,0.63,63,124,187,30,36,27,24,15,112,73,264,-77,650.4,1,0,583.0,2,1,2,1,4,4,5,1,5,4,5,5,5,5,4,4,4,5,4,2,4,3,3,4,4,5,4,3,1,4,Jaxson Hayes
1610612765,DET,2024-02-07T00:00:00,42,7,35,0.167,1007.6583333333332,117,283,0.413,22,74,0.297,33,50,0.66,11,108,119,205,51,36,20,12,75,54,289,-244,856.3,0,0,747.0,3,3,2,4,3,3,3,1,3,3,1,3,3,4,3,3,3,3,4,3,3,1,2,3,3,2,3,3,1,3,Killian Hayes
-1,TOT,2024-04-02T00:00:00,46,22,24,0.478,1146.4333333333334,172,378,0.455,35,85,0.412,80,107,0.748,36,132,168,152,60,35,13,18,64,89,459,-173,972.6,0,0,910.0,1,1,1,1,1,1,1,1,1,1,1,1,1,1,1,1,1,1,1,1,1,1,1,1,1,1,1,1,1,1,Gordon Hayward
1610612757,POR,2024-04-01T00:00:00,56,16,40,0.286,1547.6366666666668,263,693,0.38,68,225,0.302,151,184,0.821,48,130,178,277,180,40,12,45,176,183,745,-432,1350.1,5,0,1372.0,1,1,1,1,1,1,1,1,1,1,1,1,1,1,1,1,1,1,1,1,1,1,1,1,1,1,1,1,1,1,Scoot Henderson
-1,TOT,2024-04-02T00:00:00,78,40,38,0.513,2041.3033333333333,351,793,0.443,205,529,0.388,44,50,0.88,54,194,248,227,97,66,41,33,160,36,951,28,1813.1,1,0,1845.0,3,1,1,1,2,2,2,1,2,2,2,3,3,1,2,3,3,2,3,2,1,1,2,3,2,1,2,1,1,2,Buddy Hield
1610612755,PHI,2024-04-02T00:00:00,26,11,15,0.423,705.565,122,276,0.442,68,172,0.395,16,17,0.941,20,61,81,88,35,23,10,13,57,15,328,-63,621.2,1,0,631.0,9,9,1,6,11,11,11,7,10,10,5,11,11,1,9,11,11,9,11,9,8,2,2,11,11,6,10,5,1,10,Buddy Hield
1610612745,HOU,2024-02-14T00:00:00,11,6,5,0.545,57.528333333333336,10,20,0.5,7,11,0.636,4,5,0.8,3,9,12,6,2,2,2,2,10,3,31,16,64.4,0,0,64.0,2,2,2,1,2,2,2,1,1,2,1,2,2,1,1,1,1,2,2,2,1,2,3,2,2,1,2,1,1,2,Nate Hinton
1610612747,LAL,2023-12-15T00:00:00,7,1,6,0.143,41.24333333333333,5,15,0.333,3,12,0.25,1,2,0.5,0,0,0,5,1,1,1,0,4,1,14,-35,26.5,0,0,26.0,1,1,1,1,1,1,1,1,1,1,1,1,1,1,1,1,1,1,1,1,1,1,1,1,1,1,1,1,1,1,D'Moi Hodge
1610612745,HOU,2024-04-02T00:00:00,72,37,35,0.514,1174.2916666666667,170,383,0.444,78,199,0.392,54,59,0.915,21,96,117,133,49,40,6,18,112,61,472,82,900.9,0,0,892.0,1,2,6,4,3,2,3,2,2,2,4,3,3,2,3,2,2,2,3,3,6,5,6,3,3,3,2,3,1,2,Aaron Holiday
1610612743,DEN,2024-04-02T00:00:00,52,34,18,0.654,768.6933333333334,78,172,0.453,47,117,0.402,3,4,0.75,9,56,65,56,11,32,9,3,63,10,206,43,480.0,0,0,456.0,6,3,8,2,8,9,10,1,9,9,3,14,14,11,10,9,9,8,13,9,12,2,8,12,10,1,9,3,1,9,Justin Holiday
-1,TOT,2024-03-27T00:00:00,40,13,27,0.325,554.11,82,147,0.558,1,3,0.333,34,47,0.723,71,111,182,25,24,11,19,18,74,35,199,-90,520.9,4,0,467.0,1,1,1,1,1,1,1,1,1,1,1,1,1,1,1,1,1,1,1,1,1,1,1,1,1,1,1,1,1,1,Richaun Holmes
1610612747,LAL,2024-03-06T00:00:00,21,10,11,0.476,108.98333333333332,10,45,0.222,2,15,0.133,12,20,0.6,2,11,13,8,9,3,2,5,13,10,34,-54,67.6,0,0,67.0,1,1,1,1,1,1,1,1,1,1,1,1,1,1,1,1,1,1,1,1,1,1,1,1,1,1,1,1,1,1,Jalen Hood-Schifino
1610612755,PHI,2024-02-05T00:00:00,34,21,13,0.618,509.055,47,105,0.448,15,50,0.3,35,46,0.761,16,42,58,28,19,15,5,7,45,39,144,20,296.6,0,0,285.0,5,4,5,4,5,7,7,3,6,7,6,5,5,5,4,7,7,5,5,5,7,6,6,5,7,4,7,2,1,7,Danuel House Jr.
1610612753,ORL,2024-03-30T00:00:00,56,30,26,0.536,791.0016666666667,79,200,0.395,71,187,0.38,19,24,0.792,28,54,82,28,16,13,3,1,61,17,248,-19,420.4,0,0,461.0,1,1,1,1,2,1,1,1,1,1,1,1,1,2,2,2,2,2,2,1,2,1,1,1,1,1,1,1,1,1,Caleb Houstan
1610612753,ORL,2024-03-17T00:00:00,14,7,7,0.5,51.75,8,23,0.348,5,18,0.278,2,4,0.5,1,4,5,3,2,0,1,0,3,2,23,-2,34.5,0,0,38.0,1,1,1,1,1,1,1,1,1,1,1,1,1,1,1,1,1,1,1,1,1,1,1,1,1,1,1,1,1,1,Jett Howard
1610612743,DEN,2024-03-31T00:00:00,17,13,4,0.765,43.60666666666667,7,13,0.538,3,9,0.333,2,2,1.0,1,9,10,2,1,1,1,0,8,1,19,-13,39.0,0,0,38.0,1,1,1,1,2,2,2,2,2,2,2,2,2,1,2,2,2,2,2,2,2,1,2,2,2,3,2,1,1,2,Jay Huff
1610612737,ATL,2024-04-01T00:00:00,51,25,26,0.49,1481.315,270,583,0.463,106,267,0.397,144,168,0.857,29,167,196,73,69,36,15,25,129,170,790,-2,1218.7,2,0,1267.0,4,3,3,4,4,3,3,2,2,3,1,2,2,2,3,3,3,3,3,2,4,2,2,2,2,3,3,2,1,3,De'Andre Hunter
1610612753,ORL,2024-04-01T00:00:00,61,39,22,0.639,1047.9033333333334,89,208,0.428,62,146,0.425,25,29,0.862,18,108,126,181,57,38,4,5,84,29,265,149,756.7,0,0,718.0,8,7,4,3,9,10,10,7,10,10,4,7,7,1,8,10,10,7,8,8,9,1,3,9,10,7,10,6,1,10,Joe Ingles
1610612753,ORL,2024-04-01T00:00:00,52,32,20,0.615,800.1183333333333,133,255,0.522,38,97,0.392,56,77,0.727,65,162,227,24,25,37,64,16,56,65,360,179,946.4,0,0,851.0,2,2,4,2,3,3,3,1,2,2,2,3,2,4,2,3,3,3,4,3,3,4,3,3,3,1,3,3,1,3,Jonathan Isaac
1610612765,DET,2024-04-01T00:00:00,70,13,57,0.186,2010.6266666666668,375,870,0.431,105,327,0.321,214,281,0.762,82,163,245,262,172,52,40,78,194,208,1069,-303,1860.0,1,0,1865.0,2,2,1,2,2,2,2,1,2,2,2,2,2,1,1,2,2,2,2,2,1,1,1,2,2,1,2,2,1,2,Jaden Ivey
1610612763,MEM,2024-04-01T00:00:00,41,12,29,0.293,992.5183333333332,183,426,0.43,81,223,0.363,97,128,0.758,44,112,156,45,52,19,21,28,53,83,544,-187,866.7,0,0,906.0,1,1,1,1,1,1,1,1,1,1,1,1,1,1,1,1,1,1,1,1,1,1,1,1,1,1,1,1,1,1,GG Jackson
1610612743,DEN,2024-04-02T00:00:00,76,53,23,0.697,1684.4333333333334,304,697,0.436,94,259,0.363,71,89,0.798,29,112,141,290,98,41,11,32,136,88,773,88,1435.2,2,0,1402.0,4,2,8,5,5,5,5,5,5,5,5,9,9,14,5,8,8,5,7,6,3,11,12,9,5,5,5,6,2,5,Reggie Jackson
1610612749,MIL,2024-03-24T00:00:00,50,31,19,0.62,514.32,47,89,0.528,15,40,0.375,8,11,0.727,41,60,101,48,24,14,4,2,83,10,117,-62,340.2,1,0,317.0,1,1,1,1,1,1,1,1,1,1,1,1,1,1,1,1,1,1,1,1,1,1,1,1,1,1,1,1,1,1,Andre Jackson Jr.
1610612763,MEM,2024-04-01T00:00:00,65,21,44,0.323,2087.0416666666665,502,1135,0.442,115,359,0.32,332,411,0.808,85,277,362,150,160,77,105,118,233,373,1451,-359,2496.4,5,0,2442.0,2,5,6,6,2,1,1,4,3,3,4,1,1,3,3,3,3,1,1,1,3,6,5,1,1,6,2,3,1,1,Jaren Jackson Jr.
1610612747,LAL,2024-04-02T00:00:00,66,37,29,0.561,2317.5033333333336,628,1171,0.536,144,345,0.417,275,368,0.747,54,425,479,535,220,76,36,54,74,281,1675,191,3168.3,24,4,3057.0,16,16,14,16,16,15,18,5,4,9,1,17,18,11,19,14,15,10,16,17,16,12,2,17,17,15,15,12,10,15,LeBron James
1610612739,CLE,2023-10-27T00:00:00,2,1,1,0.5,14.816666666666666,2,4,0.5,0,1,0.0,0,0,0.0,1,0,1,3,1,0,0,0,2,0,4,-14,8.7,0,0,8.0,5,5,1,2,5,5,5,1,5,5,5,5,5,5,5,5,5,5,5,5,5,1,1,5,5,2,5,1,1,5,Ty Jerome
1610612751,BKN,2024-03-31T00:00:00,56,19,37,0.339,1549.7816666666668,270,603,0.448,136,345,0.394,82,105,0.781,54,191,245,135,55,47,15,33,100,91,758,-69,1385.5,1,0,1398.0,4,4,6,6,2,2,2,4,2,2,3,2,2,6,1,2,2,1,1,2,4,6,5,2,2,6,2,2,1,2,Cameron Johnson
1610612737,ATL,2024-04-01T00:00:00,52,26,26,0.5,1758.138333333333,332,651,0.51,67,189,0.354,101,140,0.721,68,376,444,181,89,60,46,46,130,118,832,-55,1865.3,18,0,1736.0,2,2,2,2,1,1,1,2,1,1,1,1,1,1,1,1,1,1,1,1,1,3,3,1,1,3,1,1,1,1,Jalen Johnson
1610612759,SAS,2024-03-29T00:00:00,68,17,51,0.25,2014.6616666666664,389,854,0.456,126,362,0.348,173,219,0.79,94,279,373,194,97,50,19,56,146,165,1077,-339,1925.6,9,0,1908.0,3,3,5,5,3,3,3,4,3,3,3,3,3,2,1,3,3,1,2,2,2,2,4,3,3,4,3,1,1,3,Keldon Johnson
1610612751,BKN,2024-02-27T00:00:00,4,0,4,0.0,51.05166666666667,7,19,0.368,4,9,0.444,10,10,1.0,3,2,5,3,4,3,1,1,4,7,28,-23,46.5,0,0,48.0,4,4,1,4,4,4,4,2,3,4,1,4,4,1,4,4,4,4,4,4,4,1,1,4,4,2,4,1,1,4,Keon Johnson
1610612743,DEN,2024-04-02T00:00:00,73,51,22,0.699,2523.9533333333334,758,1310,0.579,73,214,0.341,335,407,0.823,208,691,899,656,214,94,66,62,178,397,1924,604,4252.8,62,23,3872.0,5,2,2,1,1,2,2,3,6,6,4,4,3,4,3,2,2,2,6,4,1,6,2,4,2,2,2,2,2,2,Nikola Jokic
1610612739,CLE,2024-04-02T00:00:00,35,23,12,0.657,253.1483333333333,41,68,0.603,2,12,0.167,18,21,0.857,19,41,60,15,13,7,13,3,26,20,102,-66,243.5,0,0,219.0,3,1,7,3,6,5,5,7,3,3,5,5,5,2,6,6,6,5,6,5,5,3,6,5,5,9,5,4,1,5,Damian Jones
1610612759,SAS,2024-04-02T00:00:00,71,17,54,0.239,1933.7133333333331,268,527,0.509,59,168,0.351,99,113,0.876,53,201,254,438,103,69,8,27,85,125,694,-47,1783.8,4,1,1599.0,1,3,4,4,2,2,2,1,1,1,2,2,2,2,2,1,1,2,2,2,2,2,3,2,2,2,2,2,2,2,Tre Jones
1610612743,DEN,2024-04-02T00:00:00,35,24,11,0.686,391.1833333333333,58,93,0.624,0,0,0.0,26,53,0.491,54,103,157,26,23,6,16,11,56,48,142,-78,412.4,1,0,369.0,15,11,2,3,17,17,16,16,3,9,3,15,15,8,15,17,17,13,16,17,17,6,4,16,16,11,17,16,1,17,DeAndre Jordan
1610612763,MEM,2024-04-01T00:00:00,38,14,24,0.368,972.0966666666668,140,311,0.45,106,236,0.449,40,45,0.889,11,99,110,132,52,20,2,11,39,29,426,-174,770.0,0,0,818.0,5,7,5,8,5,6,6,4,2,3,3,5,5,5,5,5,5,2,4,5,7,3,2,6,6,8,5,4,1,5,Luke Kennard
1610612743,DEN,2024-03-29T00:00:00,19,13,6,0.684,58.6,7,17,0.412,2,5,0.4,4,6,0.667,3,13,16,9,1,2,1,2,5,4,20,-8,60.7,0,0,53.0,1,1,3,2,2,2,2,4,2,2,1,2,2,2,2,2,2,2,3,2,2,3,3,2,2,4,2,1,1,2,Braxton Key
1610612765,DET,2024-02-04T00:00:00,31,4,27,0.129,560.2333333333333,86,186,0.462,31,94,0.33,20,22,0.909,18,57,75,23,22,13,7,12,50,22,223,-85,385.5,1,0,392.0,5,6,5,8,4,3,3,2,5,4,5,4,5,1,4,4,4,3,4,4,4,6,5,4,4,4,4,3,1,4,Kevin Knox II
1610612763,MEM,2024-03-22T00:00:00,55,18,37,0.327,1173.5733333333333,88,208,0.423,38,120,0.317,21,25,0.84,72,185,257,110,46,51,51,13,76,37,235,-151,968.4,1,0,844.0,3,4,5,5,3,3,3,5,3,3,5,4,4,1,2,3,3,1,1,2,1,4,3,3,3,5,3,3,2,3,John Konchar
1610612755,PHI,2024-02-07T00:00:00,35,22,13,0.629,299.9266666666667,30,76,0.395,14,40,0.35,14,20,0.7,4,26,30,25,10,14,3,2,17,16,88,45,202.5,0,0,191.0,6,6,2,5,6,6,6,5,6,6,4,6,6,6,6,6,6,5,6,5,4,2,2,6,6,4,6,2,1,6,Furkan Korkmaz
1610612763,MEM,2024-04-01T00:00:00,30,6,24,0.2,621.2333333333333,84,232,0.362,36,117,0.308,65,82,0.793,46,60,106,43,30,23,8,21,59,57,269,-124,523.7,2,0,516.0,2,2,2,2,1,1,1,2,1,1,2,1,1,1,1,1,1,1,1,1,1,2,2,1,1,2,1,1,1,1,Jake LaRavia
1610612741,CHI,2024-01-18T00:00:00,25,10,15,0.4,871.8616666666667,170,376,0.452,59,169,0.349,88,103,0.854,8,121,129,98,52,21,8,20,57,70,487,-92,823.8,1,0,831.0,9,9,1,4,9,9,9,6,8,8,8,9,10,1,10,9,9,9,9,10,9,1,2,9,9,4,9,6,1,9,Zach LaVine
1610612745,HOU,2024-04-02T00:00:00,49,25,24,0.51,601.7916666666666,77,160,0.481,7,30,0.233,40,49,0.816,76,72,148,47,24,13,28,19,61,46,201,133,548.1,1,0,485.0,3,2,1,1,2,3,3,3,3,3,3,2,2,2,2,3,2,2,3,2,2,2,2,2,3,2,2,2,1,3,Jock Landale
1610612739,CLE,2024-04-02T00:00:00,63,36,27,0.571,1814.8266666666664,315,761,0.414,99,311,0.318,139,184,0.755,35,222,257,334,109,69,33,45,112,140,868,128,1874.4,6,0,1762.0,3,2,7,2,3,3,1,10,2,2,7,2,3,4,4,2,3,1,4,3,1,9,8,4,2,2,1,1,2,2,Caris LeVert
1610612747,LAL,2024-04-02T00:00:00,29,15,14,0.517,94.315,4,19,0.211,1,7,0.143,0,0,0.0,2,2,4,5,8,2,1,3,4,1,9,-71,22.3,0,0,25.0,1,1,1,1,1,1,1,1,1,1,1,1,1,1,1,1,1,1,1,1,1,1,1,1,1,1,1,1,1,1,Maxwell Lewis
-1,TOT,2024-04-02T00:00:00,26,10,16,0.385,220.00333333333333,26,76,0.342,4,30,0.133,15,17,0.882,8,14,22,32,13,7,2,4,12,13,71,-41,159.4,0,0,147.0,1,1,1,1,1,1,1,1,1,1,1,1,1,1,1,1,1,1,1,1,1,1,1,1,1,1,1,1,1,1,Kira Lewis Jr.
1610612761,TOR,2024-01-26T00:00:00,1,0,1,0.0,1.55,0,0,0.0,0,0,0.0,0,0,0.0,0,0,0,0,0,0,0,0,1,0,0,-4,0.0,0,0,0.0,6,6,1,6,6,6,6,6,6,6,6,6,6,6,6,6,6,6,6,6,6,1,1,6,6,3,6,1,1,6,Kira Lewis Jr.
1610612749,MIL,2024-03-28T00:00:00,68,46,22,0.676,2401.488333333333,510,1198,0.426,210,586,0.358,429,465,0.923,34,264,298,480,173,68,15,83,124,327,1659,391,2812.6,12,0,2813.0,8,4,2,1,9,11,11,9,9,7,10,7,7,2,9,4,6,8,11,6,11,6,6,9,10,2,9,6,3,10,Damian Lillard
1610612765,DET,2024-01-12T00:00:00,23,1,22,0.043,469.39666666666665,40,116,0.345,22,77,0.286,12,18,0.667,15,33,48,25,16,13,5,8,43,15,114,-199,247.1,0,0,245.0,2,3,2,3,2,3,2,3,3,2,3,2,2,3,2,3,3,2,2,2,3,3,2,2,3,2,3,3,1,3,Isaiah Livers
1610612749,MIL,2024-03-24T00:00:00,17,11,6,0.647,71.82333333333334,8,18,0.444,1,4,0.25,2,2,1.0,2,13,15,5,4,2,0,3,11,1,19,-12,46.5,0,0,44.0,1,1,1,1,1,1,1,1,1,1,1,1,1,1,1,1,1,1,1,1,1,1,1,1,1,1,1,1,1,1,Chris Livingston
-1,TOT,2024-02-07T00:00:00,17,5,12,0.294,107.635,15,43,0.349,3,12,0.25,8,15,0.533,2,16,18,14,8,3,3,7,15,11,41,-9,93.6,0,0,88.0,1,1,1,1,1,1,1,1,1,1,1,1,1,1,1,1,1,1,1,1,1,1,1,1,1,1,1,1,1,1,Kenneth Lofton Jr.
1610612755,PHI,2024-02-07T00:00:00,2,1,1,0.5,8.816666666666666,1,6,0.167,0,2,0.0,0,0,0.0,0,3,3,0,2,0,0,1,0,0,2,-14,3.6,0,0,5.0,3,3,1,2,3,3,3,3,3,3,3,3,3,3,3,3,3,3,3,3,3,1,1,3,3,2,3,2,1,3,Kenneth Lofton Jr.
1610612763,MEM,2023-12-08T00:00:00,15,4,11,0.267,98.81833333333331,14,37,0.378,3,10,0.3,8,15,0.533,2,13,15,14,6,3,3,6,15,11,39,5,90.0,0,0,83.0,2,2,3,3,2,2,2,2,2,2,2,2,2,2,2,2,2,2,2,2,1,3,2,2,2,1,2,2,1,2,Kenneth Lofton Jr.
1610612749,MIL,2024-04-02T00:00:00,72,46,26,0.639,2213.963333333333,327,679,0.482,130,363,0.358,99,119,0.832,102,273,375,119,68,42,176,17,176,107,883,320,2097.5,4,0,1943.0,10,4,8,6,9,11,11,11,4,4,4,13,13,5,10,10,10,6,12,8,3,5,7,13,11,4,10,8,1,10,Brook Lopez
1610612749,MIL,2024-02-06T00:00:00,16,10,6,0.625,64.73,7,19,0.368,2,8,0.25,2,2,1.0,3,2,5,4,2,1,3,1,7,4,18,-23,40.0,0,0,37.0,16,15,1,6,16,16,16,16,5,5,6,16,16,1,16,16,16,16,16,16,16,1,1,16,16,7,16,12,1,16,Robin Lopez
-1,TOT,2024-04-02T00:00:00,56,28,28,0.5,1587.7833333333333,155,361,0.429,93,239,0.389,61,73,0.836,33,147,180,237,80,57,20,17,136,101,464,-44,1186.5,3,0,1128.0,2,2,1,1,2,2,2,2,1,1,1,2,2,1,1,2,2,2,2,2,1,1,1,2,2,1,2,1,1,2,Kyle Lowry
1610612755,PHI,2024-04-02T00:00:00,19,7,12,0.368,550.72,52,119,0.437,31,78,0.397,26,31,0.839,8,43,51,90,27,18,5,4,42,39,161,-57,399.2,2,0,379.0,19,19,3,16,19,19,19,4,17,17,3,19,19,8,20,19,19,19,19,19,19,2,2,19,19,18,19,13,14,19,Kyle Lowry
1610612737,ATL,2024-01-24T00:00:00,9,2,7,0.222,51.98333333333333,4,17,0.235,3,13,0.231,3,4,0.75,1,6,7,0,1,0,0,2,6,3,14,-13,21.4,0,0,24.0,1,1,1,1,1,1,1,1,1,1,1,1,1,1,1,1,1,1,1,1,1,1,1,1,1,1,1,1,1,1,Seth Lundy
-1,TOT,2024-03-02T00:00:00,17,5,12,0.294,213.19666666666663,20,70,0.286,5,30,0.167,14,15,0.933,4,20,24,28,18,7,0,7,21,20,59,-65,132.8,0,0,130.0,1,1,1,1,1,1,1,1,1,1,1,1,1,1,1,1,1,1,1,1,1,1,1,1,1,1,1,1,1,1,Theo Maledon
1610612759,SAS,2024-04-02T00:00:00,40,8,32,0.2,292.09166666666664,46,97,0.474,11,42,0.262,16,21,0.762,35,53,88,35,11,6,9,8,26,18,119,35,311.1,1,0,283.0,2,3,4,4,3,3,3,2,3,3,3,3,3,2,2,2,2,2,3,3,1,2,2,3,3,1,3,2,1,3,Sandro Mamukelashvili
-1,TOT,2024-04-01T00:00:00,34,18,16,0.529,761.4333333333333,112,246,0.455,36,99,0.364,29,39,0.744,17,105,122,125,50,32,1,14,40,54,289,-107,671.9,0,0,638.0,1,1,1,1,1,1,1,1,1,1,1,1,1,1,1,1,1,1,1,1,1,1,1,1,1,1,1,1,1,1,Tre Mann
1610612745,HOU,2024-03-23T00:00:00,12,8,4,0.667,54.99333333333333,11,24,0.458,0,2,0.0,6,9,0.667,6,17,23,4,2,0,1,1,5,10,28,-26,62.6,0,0,57.0,11,9,1,2,11,11,11,11,5,5,5,11,11,10,11,11,11,10,11,10,11,1,1,11,11,11,11,8,1,11,Boban Marjanovic
-1,TOT,2024-04-02T00:00:00,57,30,27,0.526,679.4933333333333,86,163,0.528,8,28,0.286,22,41,0.537,34,85,119,48,28,21,9,25,96,29,202,-7,478.8,1,0,437.0,1,1,1,1,1,1,1,1,1,1,1,1,1,1,1,1,1,1,1,1,1,1,1,1,1,1,1,1,1,1,KJ Martin
1610612755,PHI,2024-04-02T00:00:00,55,28,27,0.509,648.1266666666667,82,153,0.536,7,23,0.304,21,39,0.538,33,83,116,47,26,19,8,24,93,27,192,-3,456.7,1,0,416.0,3,1,2,2,4,4,4,2,4,4,4,4,4,4,4,4,4,4,4,4,4,2,3,4,4,1,4,4,1,4,KJ Martin
1610612737,ATL,2024-04-01T00:00:00,59,28,31,0.475,842.5833333333334,82,180,0.456,70,156,0.449,30,37,0.811,14,66,80,33,17,15,7,4,106,60,264,-64,458.5,0,0,491.0,3,2,3,2,3,3,3,1,3,3,1,5,4,5,3,3,3,2,3,4,2,3,4,3,3,3,3,1,1,3,Garrison Mathews
1610612737,ATL,2024-04-01T00:00:00,34,11,23,0.324,403.7033333333333,34,95,0.358,24,67,0.358,16,22,0.727,9,44,53,22,8,15,11,6,42,19,108,-70,274.6,0,0,259.0,15,15,7,15,16,16,16,15,16,16,13,16,16,17,16,16,16,16,16,16,11,4,2,16,16,14,16,4,1,16,Wesley Matthews
1610612755,PHI,2024-03-29T00:00:00,65,38,27,0.585,2436.218333333333,582,1307,0.445,196,524,0.374,306,354,0.864,33,205,238,404,111,65,31,83,139,267,1666,229,2734.6,8,0,2696.0,2,4,3,4,2,1,1,4,1,1,3,1,1,3,1,2,2,1,1,1,2,4,3,1,1,2,1,1,1,1,Tyrese Maxey
-1,TOT,2024-03-27T00:00:00,35,13,22,0.371,427.655,63,158,0.399,16,54,0.296,13,17,0.765,10,33,43,84,20,20,4,10,26,18,155,-106,384.6,2,0,346.0,1,1,1,1,1,1,1,1,1,1,1,1,1,1,1,1,1,1,1,1,1,1,1,1,1,1,1,1,1,1,Skylar Mays
1610612747,LAL,2024-03-27T00:00:00,14,7,7,0.5,71.48833333333333,10,20,0.5,2,5,0.4,0,0,0.0,1,5,6,9,2,6,1,1,6,2,22,-12,61.7,0,0,53.0,4,3,2,3,5,5,5,1,5,5,2,5,5,5,5,5,5,5,5,4,3,1,1,5,5,2,5,4,1,5,Skylar Mays
1610612757,POR,2024-01-03T00:00:00,21,6,15,0.286,356.1666666666667,53,138,0.384,14,49,0.286,13,17,0.765,9,28,37,75,18,14,3,9,20,16,133,-94,322.9,2,0,293.0,3,4,5,4,1,1,1,5,1,1,5,2,2,4,2,1,1,1,1,1,1,5,5,2,1,5,1,1,1,1,Skylar Mays
1610612761,TOR,2024-04-02T00:00:00,44,10,34,0.227,431.0416666666667,53,150,0.353,11,65,0.169,20,28,0.714,13,51,64,27,25,17,5,12,41,20,137,-108,295.3,0,0,283.0,4,5,5,6,4,5,4,6,5,4,6,5,5,5,6,5,6,4,4,4,4,4,2,5,5,4,5,5,1,5,Jalen McDaniels
-1,TOT,2024-04-01T00:00:00,59,19,40,0.322,851.3933333333333,114,265,0.43,88,215,0.409,11,19,0.579,9,48,57,67,28,14,2,6,61,15,327,-168,515.9,0,0,571.0,3,3,2,3,3,3,3,3,2,2,2,3,3,3,3,3,3,2,3,2,3,1,1,3,3,3,3,2,1,3,Doug McDermott
1610612759,SAS,2024-02-07T00:00:00,46,10,36,0.217,700.1466666666666,95,215,0.442,76,173,0.439,10,17,0.588,8,40,48,57,24,11,2,6,48,13,276,-156,434.1,0,0,483.0,8,11,11,13,9,9,9,11,7,7,2,11,10,12,9,11,11,7,9,7,10,3,4,11,9,12,9,2,1,9,Doug McDermott
1610612755,PHI,2024-02-27T00:00:00,36,23,13,0.639,1002.165,136,348,0.391,75,207,0.362,66,79,0.835,27,110,137,110,39,56,16,21,82,57,413,214,919.4,0,0,879.0,6,5,1,3,5,5,5,5,4,4,4,4,4,1,5,5,5,6,6,6,6,2,1,5,5,2,5,3,1,5,De'Anthony Melton
1610612739,CLE,2024-04-02T00:00:00,58,36,22,0.621,1045.8266666666666,158,386,0.409,143,348,0.411,24,26,0.923,22,96,118,106,19,18,4,13,70,49,483,65,830.6,0,0,894.0,1,1,4,2,1,1,1,2,1,1,2,1,1,3,1,1,1,1,1,1,1,4,4,1,1,1,1,1,1,1,Sam Merrill
-1,TOT,2024-04-01T00:00:00,44,23,21,0.523,631.0216666666666,89,180,0.494,17,68,0.25,53,59,0.898,33,112,145,32,37,27,15,11,60,40,248,-73,559.0,1,0,526.0,1,1,1,1,1,1,1,1,1,1,1,1,1,1,1,1,1,1,1,1,1,1,1,1,1,1,1,1,1,1,Chimezie Metu
1610612765,DET,2024-04-01T00:00:00,7,1,6,0.143,183.50333333333333,23,50,0.46,2,17,0.118,15,16,0.938,9,26,35,13,10,8,6,3,21,14,63,-36,156.5,0,0,141.0,7,7,1,7,5,6,6,5,5,5,5,5,6,1,6,6,6,5,6,5,5,2,3,5,5,4,5,3,1,5,Chimezie Metu
-1,TOT,2024-04-01T00:00:00,54,31,23,0.574,1035.9466666666667,143,327,0.437,36,132,0.273,53,66,0.803,14,62,76,227,84,27,6,30,59,60,375,-22,821.7,3,0,780.0,1,1,1,1,1,1,1,1,1,1,1,1,1,1,1,1,1,1,1,1,1,1,1,1,1,1,1,1,1,1,Vasilije Micic
1610612749,MIL,2024-04-02T00:00:00,50,30,20,0.6,1352.746666666667,288,590,0.488,87,230,0.378,92,110,0.836,36,196,232,264,110,45,15,22,130,102,755,156,1499.4,5,1,1458.0,9,8,5,7,9,9,9,2,9,9,7,9,9,12,9,9,9,7,9,9,5,4,4,9,9,6,9,4,1,9,Khris Middleton
-1,TOT,2024-03-29T00:00:00,30,14,16,0.467,396.08166666666665,44,124,0.355,23,81,0.284,9,9,1.0,9,25,34,33,16,20,1,4,30,17,120,32,257.3,0,0,252.0,1,1,1,1,1,1,1,1,1,1,1,1,1,1,1,1,1,1,1,1,1,1,1,1,1,1,1,1,1,1,Patty Mills
1610612737,ATL,2024-02-07T00:00:00,19,9,10,0.474,201.91666666666663,19,51,0.373,13,34,0.382,0,0,0.0,5,15,20,14,8,9,1,1,17,5,51,-39,118.0,0,0,118.0,13,14,4,12,14,15,15,15,14,15,9,16,16,16,13,14,14,15,14,15,12,1,4,15,15,14,15,3,1,15,Patty Mills
-1,TOT,2024-03-29T00:00:00,47,31,16,0.66,580.59,79,195,0.405,18,64,0.281,40,49,0.816,14,61,75,60,31,19,6,17,54,44,216,-46,440.0,0,0,419.0,1,1,1,1,1,1,1,1,1,1,1,1,1,1,1,1,1,1,1,1,1,1,1,1,1,1,1,1,1,1,Shake Milton
1610612765,DET,2024-02-22T00:00:00,4,0,4,0.0,63.11666666666667,11,26,0.423,3,9,0.333,2,3,0.667,7,11,18,6,3,2,1,0,3,7,27,-27,63.6,0,0,60.0,8,8,2,8,7,7,7,6,7,7,5,7,7,8,6,7,7,7,7,7,7,1,1,6,7,6,7,2,1,7,Shake Milton
1610612757,POR,2024-03-29T00:00:00,28,2,26,0.071,215.86333333333332,12,41,0.293,6,26,0.231,4,8,0.5,14,18,32,9,7,6,7,3,16,8,34,-28,117.9,0,0,107.0,1,1,2,1,1,1,1,2,1,1,2,1,1,1,1,1,1,1,1,1,1,2,2,1,1,2,1,1,1,1,Justin Minaya
1610612739,CLE,2024-03-31T00:00:00,51,34,17,0.667,1795.455,470,1015,0.463,169,458,0.369,258,298,0.866,43,221,264,311,144,89,25,52,111,220,1367,309,2348.3,6,0,2339.0,7,7,2,2,6,7,7,2,7,7,3,6,6,2,7,6,6,3,7,5,4,4,1,7,7,4,6,1,1,6,Donovan Mitchell
1610612739,CLE,2024-04-02T00:00:00,44,27,17,0.614,1349.8133333333333,287,487,0.589,18,47,0.383,107,152,0.704,101,326,427,140,79,39,65,34,122,124,699,29,1654.4,21,0,1492.0,3,3,1,1,3,3,3,1,3,3,1,3,3,1,3,3,3,3,3,3,3,1,1,3,3,3,3,2,1,3,Evan Mobley
1610612739,CLE,2024-03-13T00:00:00,6,1,5,0.167,50.855,5,13,0.385,2,7,0.286,0,0,0.0,0,6,6,6,1,1,0,0,5,0,12,-9,30.2,0,0,28.0,2,2,2,2,2,2,2,2,2,2,2,2,2,2,2,2,2,1,1,2,2,1,1,2,2,2,2,1,1,2,Isaiah Mobley
1610612763,MEM,2024-01-05T00:00:00,9,6,3,0.667,317.925,80,170,0.471,14,51,0.275,52,64,0.813,6,44,50,73,27,7,5,16,19,48,226,11,404.5,3,0,387.0,5,5,1,1,5,5,5,3,5,5,5,5,5,1,5,5,5,5,5,5,5,1,1,5,5,4,5,5,5,5,Ja Morant
-1,TOT,2024-04-02T00:00:00,26,17,9,0.654,376.06,49,124,0.395,18,53,0.34,12,17,0.706,6,34,40,55,6,17,4,6,11,16,128,34,315.5,0,0,283.0,1,1,1,1,1,1,1,1,1,1,1,1,1,1,1,1,1,1,1,1,1,1,1,1,1,1,1,1,1,1,Monte Morris
1610612765,DET,2024-02-04T00:00:00,6,2,4,0.333,68.21833333333333,12,33,0.364,2,11,0.182,1,2,0.5,2,10,12,8,2,1,1,3,1,2,27,-2,57.4,0,0,53.0,7,7,2,8,7,7,7,8,7,7,7,8,7,8,7,7,7,7,7,8,7,2,1,7,7,7,7,3,1,7,Monte Morris
-1,TOT,2024-04-02T00:00:00,45,26,19,0.578,776.705,111,252,0.44,47,115,0.409,35,42,0.833,21,108,129,35,28,15,13,6,69,36,304,-41,567.3,0,0,571.0,3,2,1,1,3,3,3,1,3,3,1,3,3,1,3,3,3,3,3,3,3,1,1,3,3,2,3,2,1,3,Marcus Morris Sr.
1610612739,CLE,2024-04-02T00:00:00,8,4,4,0.5,139.88333333333333,21,47,0.447,11,25,0.44,4,6,0.667,3,17,20,9,9,2,2,0,8,5,57,-32,97.5,0,0,105.0,16,16,1,10,15,15,16,2,15,15,2,16,16,13,16,15,15,15,15,15,15,1,1,16,15,11,15,9,1,15,Marcus Morris Sr.
1610612755,PHI,2024-02-05T00:00:00,37,22,15,0.595,636.8216666666667,90,205,0.439,36,90,0.4,31,36,0.861,18,91,109,26,19,13,11,6,61,31,247,-9,469.8,0,0,466.0,12,11,4,4,12,12,12,6,12,12,4,12,13,2,12,12,12,13,14,13,13,4,5,12,12,8,12,9,1,12,Marcus Morris Sr.
1610612737,ATL,2024-04-01T00:00:00,72,33,39,0.458,2566.398333333333,622,1346,0.462,186,508,0.366,196,244,0.803,53,331,384,455,180,103,23,63,126,178,1626,-100,2967.3,17,0,2903.0,3,3,7,5,2,1,1,2,1,1,3,1,2,2,5,5,5,2,1,4,2,7,3,2,1,6,2,2,4,2,Dejounte Murray
1610612743,DEN,2024-03-21T00:00:00,54,40,14,0.741,1732.72,428,902,0.475,127,303,0.419,147,172,0.855,38,184,222,360,114,52,33,50,99,150,1130,245,2077.4,11,0,2009.0,6,4,1,1,6,4,4,2,5,7,1,5,5,5,6,5,5,3,5,6,1,5,2,6,4,3,4,1,2,4,Jamal Murray
1610612757,POR,2024-04-01T00:00:00,55,10,45,0.182,1094.3666666666666,117,292,0.401,39,145,0.269,27,43,0.628,59,116,175,72,44,49,16,23,72,44,300,-120,769.0,1,0,716.0,1,1,1,1,1,1,1,1,1,1,1,1,1,1,1,1,1,1,1,1,1,1,1,1,1,1,1,1,1,1,Kris Murray
-1,TOT,2024-04-02T00:00:00,47,13,34,0.277,549.2283333333334,52,147,0.354,28,94,0.298,17,24,0.708,34,79,113,35,19,9,12,10,47,28,149,-82,381.1,0,0,367.0,3,3,3,3,3,3,3,3,3,3,3,3,3,3,3,3,3,3,3,3,3,1,1,3,3,3,3,2,1,3,Mike Muscala
1610612765,DET,2024-02-14T00:00:00,13,4,9,0.308,171.185,15,44,0.341,13,34,0.382,2,4,0.5,10,19,29,10,2,3,5,5,13,7,45,46,116.8,0,0,113.0,14,14,3,12,14,14,14,14,11,12,6,14,14,14,13,14,14,13,14,13,13,5,2,14,14,5,14,4,1,14,Mike Muscala
1610612739,CLE,2024-04-02T00:00:00,76,46,30,0.605,1716.065,268,595,0.45,139,371,0.375,50,58,0.862,22,243,265,93,69,27,17,16,180,54,725,47,1245.5,0,0,1310.0,2,4,8,7,2,1,1,2,3,3,6,2,2,5,3,1,1,2,1,3,1,7,7,2,1,4,1,2,1,1,Georges Niang
1610612743,DEN,2024-03-17T00:00:00,53,37,16,0.698,521.6783333333333,61,136,0.449,5,21,0.238,42,59,0.712,58,53,111,30,27,13,37,21,73,75,169,-162,470.2,0,0,415.0,1,1,2,2,3,3,3,4,4,4,4,1,3,2,2,3,3,1,2,3,1,4,2,1,3,4,3,2,1,3,Zeke Nnaji
1610612761,TOR,2023-11-15T00:00:00,1,0,1,0.0,3.5166666666666666,0,1,0.0,0,0,0.0,2,2,1.0,2,0,2,2,0,1,0,1,0,1,2,4,10.4,0,0,8.0,1,1,1,1,1,1,1,1,1,1,1,1,1,1,1,1,1,1,1,1,1,1,1,1,1,1,1,1,1,1,Markquis Nowell
-1,TOT,2024-04-02T00:00:00,46,13,33,0.283,608.33,118,260,0.454,37,115,0.322,37,43,0.86,20,96,116,51,43,25,10,15,45,38,310,-142,587.7,0,0,584.0,2,2,2,2,2,2,2,1,2,2,2,2,2,1,2,2,2,2,2,1,2,1,1,2,2,1,2,2,1,2,Jordan Nwora
1610612761,TOR,2024-04-02T00:00:00,28,5,23,0.179,425.8183333333333,81,178,0.455,26,79,0.329,28,32,0.875,12,71,83,33,31,19,9,12,26,27,216,-126,418.1,0,0,414.0,4,6,5,6,4,3,4,3,5,4,5,4,4,1,4,4,4,4,4,2,2,2,3,4,4,5,4,4,1,4,Jordan Nwora
-1,TOT,2024-04-01T00:00:00,72,33,39,0.458,1775.4716666666666,195,491,0.397,142,384,0.37,21,31,0.677,57,286,343,202,69,52,40,15,160,43,553,60,1474.6,3,0,1424.0,1,1,1,1,1,1,1,1,1,1,1,1,1,1,1,1,1,1,1,1,1,1,1,1,1,1,1,1,1,1,Royce O'Neale
1610612751,BKN,2024-02-06T00:00:00,49,20,29,0.408,1202.225,126,325,0.388,97,265,0.366,15,22,0.682,38,183,221,137,51,32,29,11,120,31,364,-22,966.7,2,0,941.0,7,7,5,8,6,6,6,7,4,4,7,7,7,7,4,7,7,5,7,7,5,3,3,7,6,8,6,4,2,6,Royce O'Neale
1610612753,ORL,2024-03-30T00:00:00,43,22,21,0.512,420.73,39,109,0.358,23,80,0.288,4,7,0.571,18,60,78,19,15,9,7,2,19,4,105,-73,260.1,0,0,257.0,3,1,2,1,4,4,4,3,4,4,4,4,4,4,4,4,4,4,4,4,4,1,1,4,4,1,4,2,1,4,Chuma Okeke
1610612737,ATL,2024-03-21T00:00:00,55,23,32,0.418,1404.736666666667,223,365,0.611,23,69,0.333,92,116,0.793,145,231,376,74,45,26,60,27,162,91,561,-34,1336.2,8,0,1206.0,2,4,3,4,2,2,2,4,1,1,1,2,2,1,2,2,2,2,2,3,2,3,3,2,2,3,2,2,1,2,Onyeka Okongwu
1610612739,CLE,2024-03-29T00:00:00,65,39,26,0.6,1781.0083333333334,224,461,0.486,80,206,0.388,83,122,0.68,65,131,196,126,54,55,33,36,136,108,611,20,1245.2,0,0,1189.0,4,2,1,2,3,2,2,2,1,2,1,3,3,4,3,3,3,2,3,4,1,3,1,3,2,3,2,2,1,2,Isaac Okoro
-1,TOT,2024-04-02T00:00:00,73,29,44,0.397,1610.4116666666666,251,456,0.55,55,143,0.385,131,158,0.829,100,271,371,328,139,69,29,21,214,176,688,-267,1780.2,6,0,1638.0,1,1,1,1,2,2,2,1,2,2,1,2,2,1,1,2,2,1,1,2,2,1,2,2,2,2,2,2,1,2,Kelly Olynyk
1610612761,TOR,2024-04-02T00:00:00,23,4,19,0.174,591.1566666666666,106,198,0.535,19,59,0.322,51,63,0.81,37,80,117,109,58,32,17,11,82,75,282,-208,674.9,3,0,625.0,13,13,1,13,13,13,13,3,13,13,12,12,12,7,13,13,13,9,11,12,11,3,1,12,13,13,13,5,1,13,Kelly Olynyk
1610612759,SAS,2024-04-02T00:00:00,72,17,55,0.236,1268.7516666666668,184,384,0.479,86,221,0.389,35,52,0.673,25,155,180,119,47,36,11,18,107,71,489,-353,977.5,0,0,968.0,3,5,6,6,6,6,6,2,6,6,1,6,6,4,4,4,4,5,6,5,2,2,2,6,6,6,6,5,1,6,Cedi Osman
1610612755,PHI,2024-04-02T00:00:00,62,34,28,0.548,1856.7133333333331,347,792,0.438,91,292,0.312,157,208,0.755,88,215,303,89,78,71,40,80,180,161,942,-62,1694.1,4,0,1647.0,5,4,2,2,4,4,4,5,5,5,8,4,3,7,1,5,4,2,3,3,2,10,6,4,5,5,4,3,1,4,Kelly Oubre Jr.
-1,TOT,2024-04-02T00:00:00,72,40,32,0.556,1196.3933333333334,197,450,0.438,96,244,0.393,58,67,0.866,19,89,108,187,59,34,9,24,115,59,548,-26,1028.1,1,0,1025.0,1,1,2,1,1,1,1,1,1,1,1,1,1,1,1,1,1,1,1,1,1,3,3,1,1,1,1,1,1,1,Cameron Payne
1610612755,PHI,2024-04-02T00:00:00,25,10,15,0.4,494.6883333333333,96,228,0.421,44,113,0.389,21,23,0.913,14,32,46,78,28,12,6,16,42,26,257,-12,455.2,1,0,461.0,7,7,7,9,8,6,5,5,5,5,4,6,7,2,4,8,8,8,8,8,5,9,5,7,6,6,7,3,1,7,Cameron Payne
1610612749,MIL,2024-02-06T00:00:00,47,30,17,0.638,701.705,101,222,0.455,52,131,0.397,37,44,0.841,5,57,62,109,31,22,3,8,73,33,291,-14,572.9,0,0,564.0,5,4,8,5,4,5,6,4,4,4,3,4,4,7,8,5,6,5,7,6,9,5,8,4,4,7,5,6,1,5,Cameron Payne
-1,TOT,2023-11-20T00:00:00,3,2,1,0.667,9.31,1,2,0.5,0,0,0.0,1,2,0.5,0,1,1,0,0,0,0,0,1,1,3,6,4.2,0,0,4.0,1,1,1,1,1,1,1,1,1,1,1,1,1,1,1,1,1,1,1,1,1,1,1,1,1,1,1,1,1,1,Filip Petrusev
1610612755,PHI,2023-10-29T00:00:00,1,1,0,1.0,2.683333333333333,0,0,0.0,0,0,0.0,0,0,0.0,0,1,1,0,0,0,0,0,0,0,0,3,1.2,0,0,1.0,2,1,1,1,2,2,2,2,1,1,1,2,2,2,1,1,1,1,1,1,1,1,1,2,2,1,2,1,1,2,Filip Petrusev
1610612741,CHI,2024-03-13T00:00:00,40,20,20,0.5,322.55,32,77,0.416,12,38,0.316,13,19,0.684,12,24,36,13,10,7,7,7,40,19,89,-4,183.7,0,0,178.0,1,1,1,1,1,1,1,1,1,1,1,1,1,1,1,1,1,1,1,1,1,1,1,1,1,1,1,1,1,1,Julian Phillips
1610612743,DEN,2024-03-31T00:00:00,24,17,7,0.708,116.33166666666666,14,33,0.424,8,23,0.348,3,4,0.75,1,11,12,18,9,3,0,1,13,3,39,-5,80.4,0,0,83.0,1,1,1,1,1,1,1,1,1,1,1,1,1,1,1,1,1,1,1,1,1,1,1,1,1,1,1,1,1,1,Jalen Pickett
1610612761,TOR,2024-03-03T00:00:00,50,21,29,0.42,1319.1083333333331,248,378,0.656,0,0,0.0,59,107,0.551,146,283,429,127,77,35,76,37,149,99,555,-17,1516.3,20,0,1333.0,7,7,4,8,4,4,5,2,3,4,3,5,4,4,6,3,3,4,5,6,5,8,6,5,5,8,3,2,1,3,Jakob Poeltl
-1,TOT,2024-04-01T00:00:00,21,11,10,0.524,270.31666666666666,29,78,0.372,9,36,0.25,14,20,0.7,14,41,55,26,12,13,7,4,14,14,81,-93,234.0,0,0,211.0,1,1,1,1,1,1,1,1,1,1,1,1,1,1,1,1,1,1,1,1,1,1,1,1,1,1,1,1,1,1,Aleksej Pokusevski
1610612739,CLE,2024-03-27T00:00:00,48,29,19,0.604,636.4716666666667,115,226,0.509,12,34,0.353,41,56,0.732,21,85,106,116,44,20,14,16,39,50,283,-26,642.2,0,0,585.0,1,1,1,1,1,1,1,1,1,1,1,1,1,1,1,1,1,1,1,1,1,1,1,1,1,1,1,1,1,1,Craig Porter
1610612743,DEN,2024-04-02T00:00:00,75,53,22,0.707,2381.995,487,996,0.489,207,512,0.404,85,103,0.825,100,432,532,113,85,40,49,35,135,90,1266,418,2255.9,14,0,2296.0,1,1,5,1,1,1,1,3,1,1,4,3,3,2,1,1,1,1,1,1,2,5,5,2,1,1,1,2,1,1,Michael Porter Jr.
1610612761,TOR,2023-12-30T00:00:00,15,6,9,0.4,174.07333333333332,14,33,0.424,8,23,0.348,3,3,1.0,6,23,29,8,2,5,5,2,19,2,39,22,113.8,0,0,104.0,9,10,4,11,11,12,11,11,10,10,10,13,13,1,11,11,11,11,12,12,9,3,3,13,12,6,11,8,1,11,Otto Porter Jr.
1610612749,MIL,2024-04-02T00:00:00,75,47,28,0.627,1818.486666666667,411,822,0.5,86,223,0.386,94,120,0.783,126,422,548,89,79,59,28,28,176,97,1002,8,1975.1,14,0,1899.0,1,1,6,4,2,2,2,2,3,3,4,3,3,2,4,3,3,4,4,1,2,5,10,4,2,5,3,3,1,3,Bobby Portis
1610612747,LAL,2024-04-02T00:00:00,72,40,32,0.556,1983.0216666666668,235,534,0.44,132,336,0.393,46,64,0.719,18,192,210,114,64,54,34,25,141,63,648,-126,1271.0,0,0,1280.0,2,1,6,3,2,4,4,4,3,3,2,7,7,9,6,3,3,4,5,3,2,6,6,7,4,7,4,3,1,4,Taurean Prince
1610612753,ORL,2024-02-14T00:00:00,13,5,8,0.385,163.11,14,38,0.368,3,17,0.176,9,12,0.75,3,16,19,18,7,7,5,0,15,11,40,-9,118.8,0,0,104.0,1,1,2,1,1,2,1,2,2,2,2,1,1,3,3,1,1,1,1,1,1,1,3,1,2,3,1,1,1,1,Trevelin Queen
-1,TOT,2024-04-02T00:00:00,63,26,37,0.413,1820.3283333333331,354,815,0.434,156,393,0.397,173,208,0.832,15,214,229,292,88,44,9,40,103,165,1037,-36,1820.8,6,0,1820.0,1,1,1,1,1,1,1,1,1,1,1,1,1,1,1,1,1,1,1,1,1,1,1,1,1,1,1,1,1,1,Immanuel Quickley
1610612761,TOR,2024-04-02T00:00:00,33,10,23,0.303,1100.1583333333333,202,480,0.421,92,231,0.398,91,114,0.798,10,142,152,218,57,28,6,27,59,98,587,-157,1141.4,6,0,1117.0,4,5,2,5,4,4,4,3,4,4,1,4,4,5,4,3,3,3,4,4,3,3,2,4,4,5,4,1,2,4,Immanuel Quickley
1610612757,POR,2024-04-01T00:00:00,61,15,46,0.246,1107.4483333333333,210,443,0.474,80,219,0.365,61,83,0.735,83,137,220,63,51,30,34,32,151,83,561,-168,1060.5,1,0,1052.0,1,1,1,1,1,1,1,1,1,1,1,1,1,1,1,1,1,1,1,1,1,1,1,1,1,1,1,1,1,1,Duop Reath
1610612747,LAL,2024-04-02T00:00:00,76,43,33,0.566,2436.735,422,870,0.485,139,383,0.363,225,260,0.865,52,283,335,429,162,61,22,43,136,229,1208,-16,2340.5,9,1,2277.0,1,1,2,1,1,1,1,2,1,1,2,2,2,1,1,1,1,1,1,1,1,3,3,2,1,3,1,1,1,1,Austin Reaves
1610612747,LAL,2024-03-31T00:00:00,46,27,19,0.587,960.6783333333332,89,228,0.39,36,108,0.333,41,54,0.759,26,71,97,47,31,47,14,18,62,44,255,-33,593.9,0,0,557.0,2,1,5,1,2,4,4,5,3,4,2,4,4,7,2,3,3,2,5,2,2,4,5,4,4,2,3,1,1,3,Cam Reddish
1610612755,PHI,2024-04-02T00:00:00,76,41,35,0.539,1463.4483333333333,236,441,0.535,20,54,0.37,59,80,0.738,180,268,448,95,60,57,78,37,184,91,551,39,1576.1,6,0,1384.0,1,2,4,4,1,1,1,4,1,1,1,1,1,2,1,1,1,1,1,1,1,4,4,1,1,1,1,1,1,1,Paul Reed
1610612765,DET,2024-04-01T00:00:00,11,1,10,0.091,112.00666666666666,13,25,0.52,4,11,0.364,3,4,0.75,2,15,17,8,6,1,6,1,14,4,33,-6,80.4,0,0,76.0,2,2,1,2,2,2,2,1,2,2,1,2,2,2,2,2,2,1,1,2,1,1,1,2,2,2,2,1,1,2,Jared Rhoden
-1,TOT,2024-03-29T00:00:00,62,22,40,0.355,1170.5483333333334,165,408,0.404,48,164,0.293,47,68,0.691,53,156,209,79,57,27,11,33,70,56,425,-229,851.3,0,0,837.0,1,1,1,1,1,1,1,1,1,1,1,1,1,1,1,1,1,1,1,1,1,1,1,1,1,1,1,1,1,1,David Roddy
1610612763,MEM,2024-02-06T00:00:00,48,15,33,0.313,1114.0933333333332,155,386,0.402,47,156,0.301,46,67,0.687,51,149,200,76,54,25,11,33,68,53,403,-212,811.0,0,0,798.0,2,2,3,3,2,2,2,3,2,2,2,1,1,2,1,1,1,1,2,2,2,3,2,2,2,3,2,1,1,2,David Roddy
1610612763,MEM,2024-02-28T00:00:00,24,6,18,0.25,399.3366666666666,76,165,0.461,15,41,0.366,24,27,0.889,7,38,45,78,31,8,2,15,21,31,191,-33,361.0,0,0,349.0,13,14,9,17,12,13,13,7,13,14,4,15,15,4,15,12,12,12,13,13,15,5,7,12,13,10,13,11,2,13,Derrick Rose
-1,TOT,2024-04-02T00:00:00,58,21,37,0.362,1961.003333333333,429,961,0.446,140,392,0.357,168,193,0.87,34,208,242,333,102,58,21,53,97,171,1166,-271,2090.9,4,0,2039.0,1,1,1,1,1,1,1,1,1,1,1,1,1,1,1,1,1,1,1,1,1,1,1,1,1,1,1,1,1,1,Terry Rozier
1610612757,POR,2024-04-01T00:00:00,32,5,27,0.156,404.9283333333333,41,107,0.383,19,46,0.413,15,19,0.789,16,45,61,41,21,7,2,12,39,16,116,-80,256.7,0,0,255.0,1,1,1,1,1,1,1,1,1,1,1,1,1,1,1,1,1,1,1,1,1,1,1,1,1,1,1,1,1,1,Rayan Rupert
1610612747,LAL,2024-04-02T00:00:00,70,42,28,0.6,2267.2116666666666,458,995,0.46,208,494,0.421,147,180,0.817,28,187,215,446,145,63,33,34,147,163,1271,142,2341.0,9,0,2332.0,3,1,7,2,2,2,2,3,2,3,1,3,5,4,5,5,5,3,7,4,1,8,11,4,2,3,2,3,2,2,D'Angelo Russell
1610612745,HOU,2024-02-04T00:00:00,11,6,5,0.545,53.045,8,11,0.727,0,2,0.0,2,2,1.0,2,9,11,2,0,1,1,1,4,3,18,-11,40.2,0,0,35.0,1,1,1,1,1,1,1,1,1,1,1,1,1,1,1,1,1,1,1,1,1,1,1,1,1,1,1,1,1,1,Jermaine Samuels Jr.
1610612741,CHI,2024-04-01T00:00:00,5,1,4,0.2,13.811666666666667,4,4,1.0,0,0,0.0,2,3,0.667,3,5,8,0,1,0,0,0,0,2,10,26,18.6,0,0,18.0,1,1,1,1,1,1,1,1,1,1,1,1,1,1,1,1,1,1,1,1,1,1,1,1,1,1,1,1,1,1,Adama Sanogo
1610612765,DET,2024-03-27T00:00:00,64,10,54,0.156,1136.6933333333334,181,419,0.432,74,195,0.379,48,55,0.873,8,103,111,204,72,38,9,22,94,63,484,-193,992.2,1,0,967.0,1,1,1,1,1,1,1,1,1,1,1,1,1,1,1,1,1,1,1,1,1,1,1,1,1,1,1,1,1,1,Marcus Sasser
1610612753,ORL,2024-03-30T00:00:00,21,14,7,0.667,78.85833333333333,9,24,0.375,5,15,0.333,0,2,0.0,2,13,15,6,4,1,0,3,8,3,23,-18,49.0,0,0,51.0,4,1,1,1,4,4,4,4,4,4,1,4,4,4,4,4,4,4,4,4,4,1,1,4,4,1,4,1,1,4,Admiral Schofield
-1,TOT,2024-04-01T00:00:00,76,27,49,0.355,2348.095,382,873,0.438,134,349,0.384,163,197,0.827,35,182,217,456,146,61,16,60,154,172,1061,-158,2090.4,7,0,2022.0,1,2,2,2,1,1,1,1,1,1,1,1,1,2,1,1,1,1,1,1,1,2,1,2,1,2,1,1,1,1,Dennis Schroder
1610612751,BKN,2024-04-01T00:00:00,25,9,16,0.36,789.52,135,314,0.43,57,129,0.442,36,48,0.75,13,64,77,143,63,15,8,20,49,54,363,-128,675.9,1,0,686.0,12,12,2,10,11,11,11,7,10,11,1,11,11,12,11,11,11,11,11,12,7,3,2,12,11,11,11,9,1,11,Dennis Schroder
1610612761,TOR,2024-02-07T00:00:00,51,18,33,0.353,1558.575,247,559,0.442,77,220,0.35,127,149,0.852,22,118,140,313,83,46,8,40,105,118,698,-30,1414.5,6,0,1336.0,9,11,10,11,8,10,10,3,4,7,4,9,9,4,8,10,10,7,10,8,7,4,4,10,10,8,9,2,1,9,Dennis Schroder
1610612745,HOU,2024-03-10T00:00:00,63,29,34,0.46,2045.635,527,982,0.537,33,111,0.297,244,352,0.693,183,406,589,312,162,76,46,75,211,326,1331,49,2709.8,29,2,2509.0,3,1,1,1,2,1,1,2,1,2,2,1,1,3,2,2,2,1,2,1,3,3,1,2,1,1,1,1,1,1,Alperen Sengun
1610612751,BKN,2024-04-01T00:00:00,58,23,35,0.397,875.6583333333333,163,282,0.578,4,14,0.286,75,123,0.61,153,218,371,82,66,23,41,27,127,105,405,92,1099.2,6,0,990.0,1,1,3,2,1,1,1,1,2,1,2,1,1,2,1,1,1,1,1,1,1,3,3,1,1,1,1,1,1,1,Day'Ron Sharpe
1610612757,POR,2024-01-11T00:00:00,32,8,24,0.25,1059.0183333333334,176,434,0.406,60,180,0.333,98,119,0.824,42,118,160,94,72,28,12,33,88,114,510,-246,891.0,1,0,904.0,2,2,1,2,2,2,2,2,2,2,2,1,1,1,2,2,2,1,2,2,2,2,1,1,2,1,2,1,1,2,Shaedon Sharpe
-1,TOT,2024-04-01T00:00:00,74,34,40,0.459,2477.043333333333,628,1176,0.534,80,234,0.342,273,373,0.732,125,397,522,331,133,61,23,43,170,302,1609,112,2850.9,15,1,2710.0,1,1,1,1,1,1,1,1,1,1,1,1,1,1,1,1,1,1,1,1,1,1,1,1,1,1,1,1,1,1,Pascal Siakam
1610612761,TOR,2024-01-15T00:00:00,39,15,24,0.385,1354.415,325,623,0.522,46,145,0.317,169,223,0.758,54,192,246,190,83,32,10,21,87,175,865,9,1488.2,5,0,1431.0,8,9,6,8,7,6,6,3,6,6,6,6,6,5,9,8,8,6,6,7,9,2,2,6,6,8,7,7,5,6,Pascal Siakam
1610612751,BKN,2024-02-26T00:00:00,15,7,8,0.467,358.9166666666667,43,74,0.581,0,0,0.0,6,15,0.4,31,88,119,86,27,12,9,3,36,21,92,-38,399.8,3,0,339.0,6,6,1,6,6,6,6,1,3,6,3,6,6,6,6,6,6,6,6,6,6,1,1,6,6,6,6,6,6,6,Ben Simmons
1610612757,POR,2024-03-22T00:00:00,46,11,35,0.239,1581.743333333333,360,837,0.43,156,405,0.385,163,178,0.916,22,145,167,255,126,23,5,51,98,127,1039,-330,1579.9,3,0,1673.0,5,6,4,6,3,2,2,4,3,3,3,1,2,1,3,1,1,1,2,4,5,6,3,2,2,6,2,1,1,2,Anfernee Simons
1610612755,PHI,2023-12-22T00:00:00,1,1,0,1.0,0.6666666666666666,0,0,0.0,0,0,0.0,0,0,0.0,0,0,0,0,0,0,0,0,0,0,0,-3,0.0,0,0,0.0,3,3,1,1,3,3,3,3,3,3,3,2,2,2,3,3,3,3,3,3,3,1,1,2,3,1,3,1,1,3,Javonte Smart
1610612763,MEM,2024-01-09T00:00:00,20,7,13,0.35,604.845,102,237,0.43,42,134,0.313,43,56,0.768,6,47,53,86,62,41,5,5,53,58,289,-20,557.6,0,0,562.0,10,10,1,10,10,10,10,1,10,10,7,10,10,7,10,10,10,10,10,10,10,1,1,10,10,10,10,8,2,10,Marcus Smart
1610612755,PHI,2024-02-22T00:00:00,12,4,8,0.333,69.23,16,40,0.4,12,31,0.387,2,3,0.667,0,2,2,10,4,7,0,3,4,3,46,4,80.4,0,0,84.0,1,1,1,1,1,1,1,1,1,1,1,1,1,1,1,1,1,1,1,1,1,1,1,1,1,1,1,1,1,1,Terquavion Smith
1610612751,BKN,2024-03-31T00:00:00,56,19,37,0.339,1058.6583333333333,147,338,0.435,32,109,0.294,43,58,0.741,50,114,164,203,68,68,12,24,121,49,369,-36,1042.3,3,0,928.0,2,2,8,4,3,4,4,2,3,4,5,4,6,2,1,3,3,3,4,3,4,6,7,7,4,3,3,2,4,3,Dennis Smith Jr.
1610612745,HOU,2024-04-02T00:00:00,69,36,33,0.522,2188.195,339,747,0.454,122,336,0.363,140,170,0.824,131,442,573,101,83,50,52,51,186,126,940,-46,2002.1,16,0,1940.0,2,1,1,1,2,2,2,1,1,2,1,2,2,1,1,2,1,1,2,1,2,2,1,2,2,1,2,1,1,2,Jabari Smith Jr.
1610612759,SAS,2024-03-29T00:00:00,74,18,56,0.243,2193.095,340,776,0.438,70,227,0.308,111,144,0.771,137,339,476,249,140,62,40,67,168,131,861,-344,1971.7,7,0,1860.0,1,1,2,2,1,1,1,2,1,1,1,1,1,1,1,1,1,1,1,1,1,2,2,1,1,2,1,1,1,1,Jeremy Sochan
-1,TOT,2024-03-25T00:00:00,45,29,16,0.644,448.6116666666667,52,136,0.382,8,44,0.182,30,36,0.833,33,36,69,40,30,27,14,15,60,33,142,-60,377.8,0,0,341.0,1,1,1,1,1,1,1,1,1,1,1,1,1,1,1,1,1,1,1,1,1,1,1,1,1,1,1,1,1,1,Jaden Springer
1610612755,PHI,2024-02-07T00:00:00,32,17,15,0.531,377.365,46,118,0.39,8,37,0.216,28,34,0.824,25,33,58,35,26,25,11,14,49,29,128,-66,332.1,0,0,301.0,1,1,4,4,1,1,1,3,1,1,2,1,1,2,1,1,1,1,1,1,1,4,4,1,1,4,1,1,1,1,Jaden Springer
-1,TOT,2024-04-01T00:00:00,35,20,15,0.571,469.865,93,201,0.463,11,37,0.297,35,46,0.761,29,75,104,23,23,19,17,15,40,36,232,-19,476.3,0,0,442.0,1,1,1,1,1,1,1,1,1,1,1,1,1,1,1,1,1,1,1,1,1,1,1,1,1,1,1,1,1,1,Lamar Stevens
1610612763,MEM,2024-04-01T00:00:00,16,5,11,0.313,347.99666666666667,72,156,0.462,8,29,0.276,27,35,0.771,17,56,73,15,14,13,12,12,26,27,179,-29,350.1,0,0,325.0,5,5,2,5,4,3,3,3,3,3,4,4,4,1,4,4,4,4,4,4,4,2,2,4,3,3,4,3,1,4,Lamar Stevens
1610612765,DET,2024-03-18T00:00:00,46,9,37,0.196,1422.8166666666666,186,382,0.487,67,175,0.383,64,85,0.753,74,231,305,73,66,17,38,17,99,82,503,-133,1077.5,5,0,1058.0,4,4,1,4,3,4,4,3,1,2,1,3,4,1,4,4,4,2,4,4,3,1,1,4,4,2,4,4,1,4,Isaiah Stewart
1610612743,DEN,2024-03-31T00:00:00,45,30,15,0.667,527.3066666666666,81,217,0.373,40,135,0.296,20,27,0.741,5,50,55,44,19,17,7,10,52,34,222,-106,407.0,0,0,409.0,1,1,1,1,1,1,1,1,1,1,1,1,1,1,1,1,1,1,1,1,1,1,1,1,1,1,1,1,1,1,Julian Strawther
1610612739,CLE,2024-04-02T00:00:00,64,41,23,0.641,2043.61,283,673,0.421,155,446,0.348,69,87,0.793,57,238,295,241,99,60,28,38,161,110,790,243,1670.5,4,0,1657.0,3,3,3,2,2,2,2,4,3,2,3,2,2,3,1,1,1,1,1,1,1,5,4,1,2,1,1,1,1,1,Max Strus
1610612753,ORL,2024-04-01T00:00:00,68,40,28,0.588,1826.775,301,648,0.465,142,355,0.4,102,133,0.767,44,166,210,186,127,97,43,21,184,155,846,68,1670.0,0,0,1664.0,1,1,1,1,1,1,1,1,1,1,1,2,2,2,2,1,1,2,2,1,1,1,3,2,1,1,1,2,1,1,Jalen Suggs
1610612745,HOU,2024-03-31T00:00:00,64,32,32,0.5,1028.7733333333333,108,229,0.472,23,77,0.299,26,39,0.667,61,136,197,64,37,42,15,17,136,56,265,76,731.4,0,0,663.0,3,1,2,1,3,4,3,4,3,3,3,4,4,4,3,3,3,4,4,3,3,1,2,4,4,1,3,3,1,3,Jae'Sean Tate
1610612741,CHI,2024-04-01T00:00:00,31,12,19,0.387,187.63,20,39,0.513,2,9,0.222,4,5,0.8,17,20,37,10,7,5,2,2,17,3,46,16,119.4,0,0,109.0,2,1,3,2,3,3,3,3,3,3,3,3,3,1,3,2,3,2,3,2,3,2,2,3,3,2,3,2,1,3,Terry Taylor
1610612761,TOR,2024-04-02T00:00:00,22,4,18,0.182,178.18666666666667,20,47,0.426,8,25,0.32,11,14,0.786,8,22,30,16,8,10,1,3,17,13,59,-23,144.0,0,0,135.0,13,15,9,19,13,13,13,4,13,14,11,14,14,4,12,12,12,13,15,12,16,7,7,14,13,10,12,2,1,13,Garrett Temple
1610612741,CHI,2024-04-01T00:00:00,53,24,29,0.453,565.31,51,123,0.415,14,62,0.226,21,34,0.618,24,71,95,71,26,21,11,4,65,27,137,44,427.5,0,0,381.0,1,1,2,2,1,1,1,2,1,1,2,1,1,2,1,1,1,1,1,1,1,1,2,1,1,1,1,1,1,1,Dalen Terry
-1,TOT,2024-04-02T00:00:00,56,37,19,0.661,932.79,138,263,0.525,23,60,0.383,34,46,0.739,78,140,218,58,37,19,46,27,121,52,333,52,839.6,0,0,762.0,2,1,1,1,3,3,3,2,3,3,1,3,3,1,2,3,3,2,3,3,2,3,2,3,3,1,2,3,1,3,Daniel Theis
1610612751,BKN,2024-04-01T00:00:00,60,20,40,0.333,1860.07,472,1066,0.443,125,344,0.363,251,295,0.851,25,167,192,177,110,43,13,70,130,245,1320,-187,1873.9,0,0,1926.0,2,3,3,3,1,1,1,1,1,1,2,1,1,2,1,1,1,1,1,1,1,3,3,1,1,3,1,1,1,1,Cam Thomas
1610612745,HOU,2024-04-02T00:00:00,56,27,29,0.482,1202.8866666666668,209,398,0.525,8,56,0.143,90,134,0.672,126,232,358,135,78,70,34,34,129,117,516,11,1382.1,10,0,1225.0,1,1,1,1,1,1,1,1,1,1,1,1,1,1,1,1,1,1,1,1,1,1,1,1,1,1,1,1,1,1,Amen Thompson
1610612765,DET,2024-03-09T00:00:00,63,10,53,0.159,1582.805,232,480,0.483,21,113,0.186,71,119,0.597,129,273,402,120,84,68,59,33,175,118,556,-231,1515.4,2,0,1353.0,1,1,1,1,1,1,1,1,1,1,1,1,1,1,1,1,1,1,1,1,1,1,1,1,1,1,1,1,1,1,Ausar Thompson
1610612739,CLE,2024-04-02T00:00:00,46,28,18,0.609,534.8116666666666,70,111,0.631,0,1,0.0,15,50,0.3,71,99,170,51,29,12,14,10,59,55,155,12,484.5,1,0,428.0,10,5,3,4,11,12,12,1,3,7,3,13,12,14,12,11,11,8,11,11,11,3,4,11,12,5,11,11,1,11,Tristan Thompson
1610612757,POR,2024-03-29T00:00:00,65,18,47,0.277,1487.3833333333334,126,317,0.397,80,231,0.346,22,29,0.759,30,106,136,90,40,113,49,12,93,41,354,-232,1098.2,0,0,984.0,2,5,6,5,2,2,1,6,1,1,3,3,3,2,3,2,2,1,2,2,3,6,3,3,2,6,2,1,1,2,Matisse Thybulle
-1,TOT,2024-04-01T00:00:00,48,26,22,0.542,894.61,105,250,0.42,15,70,0.214,22,49,0.449,67,131,198,70,32,47,40,21,71,40,247,-54,818.6,2,0,704.0,1,1,1,1,1,1,1,1,1,1,1,1,1,1,1,1,1,1,1,1,1,1,1,1,1,1,1,1,1,1,Xavier Tillman
1610612763,MEM,2024-01-29T00:00:00,34,14,20,0.412,700.23,87,213,0.408,12,53,0.226,18,43,0.419,56,101,157,57,29,42,35,20,60,36,204,-102,679.9,2,0,584.0,4,4,3,5,4,4,4,5,2,2,3,4,4,5,4,3,4,4,4,4,1,3,2,4,4,5,4,2,1,4,Xavier Tillman
1610612761,TOR,2024-03-31T00:00:00,66,22,44,0.333,1835.4983333333328,325,763,0.426,165,412,0.4,67,87,0.77,23,145,168,105,41,68,10,26,86,71,882,-191,1434.1,1,0,1476.0,2,5,7,6,3,3,3,3,3,3,2,3,3,6,4,2,3,3,3,3,4,5,4,3,3,7,3,1,1,3,Gary Trent Jr.
-1,TOT,2024-03-27T00:00:00,25,10,15,0.4,389.155,13,39,0.333,10,29,0.345,3,3,1.0,23,48,71,12,8,13,7,2,48,11,39,-30,194.2,0,0,172.0,3,3,1,3,3,3,3,3,3,3,2,3,3,1,3,3,3,3,3,3,3,1,1,3,3,1,3,2,1,3,P.J. Tucker
1610612755,PHI,2023-10-29T00:00:00,3,2,1,0.667,66.34166666666667,2,5,0.4,2,5,0.4,0,0,0.0,1,13,14,0,2,3,2,0,9,1,6,28,35.8,0,0,32.0,16,16,1,4,16,16,16,11,15,15,2,16,16,16,16,15,16,16,16,15,14,1,1,16,16,8,16,10,1,16,P.J. Tucker
1610612743,DEN,2024-03-31T00:00:00,14,10,4,0.714,40.40833333333333,7,17,0.412,4,12,0.333,0,0,0.0,1,8,9,2,2,0,0,0,10,0,18,7,29.8,0,0,33.0,1,1,1,1,1,1,1,1,1,1,1,1,1,1,1,1,1,1,1,1,1,1,1,1,1,1,1,1,1,1,Hunter Tyson
1610612765,DET,2024-03-20T00:00:00,24,4,20,0.167,307.12166666666667,37,84,0.44,24,53,0.453,29,32,0.906,8,43,51,11,14,8,7,4,40,21,127,-75,235.7,0,0,243.0,1,1,2,1,1,1,1,1,1,1,1,1,1,2,1,1,1,1,1,1,1,2,2,1,1,2,1,1,1,1,Stanley Umude
1610612745,HOU,2024-04-02T00:00:00,68,37,31,0.544,2492.27,383,925,0.414,208,544,0.382,170,197,0.863,28,224,252,547,118,92,57,27,165,171,1144,191,2595.9,19,0,2449.0,3,5,7,6,2,3,3,2,2,3,3,3,4,4,4,3,3,1,4,4,1,2,7,5,3,6,2,1,3,3,Fred VanVleet
1610612747,LAL,2024-02-01T00:00:00,29,14,15,0.483,581.2366666666667,59,114,0.518,8,27,0.296,24,36,0.667,41,97,138,36,28,36,5,13,43,40,150,43,464.6,0,0,414.0,4,5,5,6,5,5,5,6,3,3,3,5,5,3,5,5,5,5,5,4,5,5,4,5,5,2,5,5,1,5,Jarred Vanderbilt
1610612759,SAS,2024-03-29T00:00:00,68,17,51,0.25,2247.7433333333333,498,1056,0.472,166,446,0.372,161,201,0.801,27,234,261,277,108,73,23,34,74,152,1323,-291,2231.7,0,0,2219.0,2,3,4,4,1,1,1,1,1,1,2,1,1,3,2,2,2,1,1,2,2,4,2,1,1,3,1,2,1,1,Devin Vassell
1610612747,LAL,2024-03-31T00:00:00,6,3,3,0.5,141.42666666666668,13,36,0.361,2,19,0.105,1,2,0.5,2,4,6,16,3,7,0,1,14,3,29,-3,78.2,0,0,67.0,5,5,1,5,4,4,5,4,5,5,5,4,4,4,4,5,4,4,4,4,4,1,2,4,4,2,4,2,1,4,Gabe Vincent
1610612741,CHI,2024-04-01T00:00:00,71,34,37,0.479,2428.1766666666667,542,1128,0.48,84,294,0.286,96,117,0.821,194,562,756,238,114,48,57,45,180,135,1264,-171,2729.2,42,0,2552.0,7,4,6,5,5,5,5,7,5,3,11,8,10,4,4,7,7,3,8,11,7,9,10,8,5,10,5,6,6,5,Nikola Vucevic
1610612739,CLE,2024-03-08T00:00:00,54,36,18,0.667,1108.08,96,232,0.414,79,202,0.391,20,26,0.769,37,181,218,43,20,40,25,3,93,37,291,177,792.1,0,0,761.0,2,1,3,2,2,3,2,4,1,2,2,2,3,1,2,1,1,3,2,1,1,2,5,1,2,1,2,3,1,2,Dean Wade
1610612753,ORL,2024-04-01T00:00:00,67,41,26,0.612,2187.805,488,1017,0.48,88,311,0.283,246,291,0.845,65,292,357,254,131,70,26,73,157,257,1310,180,2276.4,0,0,2201.0,3,1,1,1,3,2,2,2,3,2,3,2,2,2,3,1,1,2,2,2,2,1,1,2,2,1,2,3,1,2,Franz Wagner
1610612753,ORL,2024-04-01T00:00:00,73,43,30,0.589,1300.06,300,500,0.6,36,106,0.34,152,190,0.8,109,211,320,91,90,35,20,38,146,175,788,79,1383.5,3,0,1345.0,1,1,5,2,1,1,1,1,3,3,2,2,1,6,1,1,1,1,1,2,1,8,7,1,1,1,1,1,1,1,Moritz Wagner
-1,TOT,2024-03-20T00:00:00,10,2,8,0.2,61.223333333333336,7,24,0.292,7,20,0.35,2,2,1.0,3,11,14,1,2,4,1,0,8,2,23,-6,54.3,0,0,55.0,1,1,1,1,1,1,1,1,1,1,1,1,1,1,1,1,1,1,1,1,1,1,1,1,1,1,1,1,1,1,Ish Wainright
1610612757,POR,2024-01-03T00:00:00,7,1,6,0.143,45.88333333333333,6,18,0.333,6,16,0.375,2,2,1.0,0,9,9,0,1,2,1,0,4,2,20,0,38.8,0,0,41.0,3,3,2,4,3,3,3,3,3,3,1,3,3,1,4,3,3,4,3,3,3,1,1,3,3,3,3,1,1,3,Ish Wainright
1610612757,POR,2024-04-01T00:00:00,66,16,50,0.242,1506.3416666666667,212,447,0.474,35,124,0.282,110,146,0.753,129,295,424,65,59,40,21,52,157,118,569,-296,1299.3,7,0,1215.0,1,2,2,2,1,1,1,1,1,1,2,1,1,2,1,1,1,1,1,1,1,2,2,1,1,2,1,1,1,1,Jabari Walker
1610612751,BKN,2024-04-01T00:00:00,54,22,32,0.407,912.3233333333334,193,451,0.428,100,251,0.398,43,57,0.754,11,102,113,67,47,29,16,21,67,42,529,61,853.1,0,0,899.0,5,5,3,5,5,4,4,2,2,3,2,5,5,5,5,4,4,4,3,4,3,2,2,5,4,1,4,1,1,4,Lonnie Walker IV
-1,TOT,2024-04-02T00:00:00,67,25,42,0.373,2023.0183333333332,322,744,0.433,117,375,0.312,91,133,0.684,79,290,369,127,87,62,53,38,160,111,852,-176,1743.3,3,0,1695.0,1,1,1,1,1,1,1,1,1,1,1,1,1,1,1,1,1,1,1,1,1,1,1,1,1,1,1,1,1,1,P.J. Washington
1610612749,MIL,2024-02-13T00:00:00,5,3,2,0.6,20.683333333333334,1,7,0.143,1,3,0.333,0,0,0.0,0,1,1,1,2,2,0,0,0,1,3,-3,9.7,0,0,10.0,2,2,1,1,2,2,2,2,2,2,1,2,2,2,2,2,2,2,2,2,2,1,1,2,2,1,2,1,1,2,TyTy Washington Jr.
-1,TOT,2024-03-01T00:00:00,34,18,16,0.529,464.3733333333333,41,116,0.353,25,85,0.294,10,17,0.588,11,43,54,15,19,12,7,6,39,14,117,-66,242.3,0,0,249.0,1,1,1,1,1,1,1,1,1,1,1,1,1,1,1,1,1,1,1,1,1,1,1,1,1,1,1,1,1,1,Yuta Watanabe
1610612763,MEM,2024-03-01T00:00:00,5,1,4,0.2,82.21333333333334,6,19,0.316,1,10,0.1,0,2,0.0,0,9,9,5,3,3,0,2,5,3,13,-30,37.3,0,0,34.0,7,7,1,7,7,7,7,6,7,6,7,7,7,7,7,7,7,6,6,7,7,2,1,7,7,4,7,2,1,7,Yuta Watanabe
1610612751,BKN,2024-04-01T00:00:00,57,22,35,0.386,704.0933333333334,141,258,0.547,23,57,0.404,63,76,0.829,47,109,156,65,46,22,17,18,92,63,368,-12,723.7,0,0,690.0,2,2,2,2,3,3,3,2,2,2,1,3,3,1,2,3,3,3,2,3,2,2,1,3,2,1,3,3,1,3,Trendon Watford
1610612743,DEN,2024-04-02T00:00:00,74,52,22,0.703,1349.4166666666667,191,413,0.462,44,147,0.299,66,98,0.673,51,177,228,75,54,39,74,31,130,73,492,-74,1163.1,0,0,1065.0,1,1,2,1,1,1,1,2,1,1,2,1,1,1,1,1,1,1,1,1,1,2,2,1,1,2,1,1,1,1,Peyton Watson
1610612759,SAS,2024-04-02T00:00:00,67,16,51,0.239,1961.6016666666667,514,1108,0.464,115,361,0.319,277,349,0.794,154,552,706,248,241,86,235,25,149,357,1420,-150,3361.2,40,2,3131.0,1,1,1,1,1,1,1,1,1,1,1,1,1,1,1,1,1,1,1,1,1,1,1,1,1,1,1,1,1,1,Victor Wembanyama
1610612759,SAS,2024-04-02T00:00:00,55,15,40,0.273,744.98,85,179,0.475,8,43,0.186,44,68,0.647,16,61,77,148,42,26,9,14,80,42,222,-128,599.4,0,0,525.0,1,1,2,1,1,1,2,1,2,2,2,1,1,1,1,2,2,1,2,1,1,1,2,1,1,1,1,1,1,1,Blake Wesley
1610612741,CHI,2024-04-01T00:00:00,73,34,39,0.466,2680.61,499,1123,0.444,202,527,0.383,208,247,0.842,42,299,341,379,155,49,17,63,174,283,1408,-46,2428.7,5,0,2462.0,2,2,3,3,1,1,1,1,1,1,2,1,1,4,1,1,1,1,2,2,1,5,4,1,1,3,1,1,1,1,Coby White
1610612751,BKN,2023-12-27T00:00:00,2,1,1,0.5,23.98333333333333,1,5,0.2,0,3,0.0,1,2,0.5,0,4,4,3,0,0,1,1,0,1,3,-22,15.3,0,0,12.0,1,1,1,1,1,1,1,1,1,1,1,1,1,1,1,1,1,1,1,1,1,1,1,1,1,1,1,1,1,1,Dariq Whitehead
1610612745,HOU,2024-04-02T00:00:00,40,16,24,0.4,723.4,180,389,0.463,66,181,0.365,61,94,0.649,38,115,153,19,39,27,11,28,50,63,487,-38,774.1,1,0,801.0,1,1,1,1,1,1,1,1,1,1,1,1,1,1,1,1,1,1,1,1,1,1,1,1,1,1,1,1,1,1,Cam Whitmore
1610612749,MIL,2023-12-17T00:00:00,3,3,0,1.0,7.63,2,5,0.4,0,2,0.0,2,2,1.0,0,0,0,0,1,0,0,0,1,1,6,-10,5.0,0,0,6.0,3,3,1,1,3,3,3,3,3,3,3,3,3,1,2,3,3,3,3,2,3,1,1,3,3,1,3,2,1,3,Lindell Wigginton
-1,TOT,2024-04-01T00:00:00,71,32,39,0.451,1960.6433333333332,251,558,0.45,117,319,0.367,95,127,0.748,82,211,293,142,99,41,37,27,208,151,714,-207,1413.6,2,0,1422.0,1,1,1,1,1,1,1,1,1,1,1,1,1,1,1,1,1,1,1,1,1,1,1,1,1,1,1,1,1,1,Grant Williams
1610612745,HOU,2024-03-31T00:00:00,18,9,9,0.5,98.91666666666669,18,36,0.5,1,4,0.25,7,10,0.7,10,6,16,7,2,3,0,6,10,7,44,21,80.7,0,0,74.0,1,1,2,1,2,2,2,2,2,2,2,1,1,1,1,1,1,2,2,1,2,2,1,1,2,1,2,1,1,2,Nate Williams
1610612741,CHI,2024-01-25T00:00:00,43,19,24,0.442,1174.085,159,359,0.443,59,148,0.399,52,66,0.788,46,120,166,66,57,40,33,28,87,52,429,-14,889.2,0,0,866.0,3,3,2,3,3,3,3,4,2,2,3,3,3,2,3,3,3,3,3,3,3,2,2,3,3,1,3,4,1,3,Patrick Williams
1610612763,MEM,2024-03-02T00:00:00,51,20,31,0.392,1037.6816666666666,150,378,0.397,58,189,0.307,62,75,0.827,35,145,180,75,66,36,9,27,85,74,420,-247,817.5,1,0,823.0,2,3,3,3,2,2,2,3,2,2,2,1,1,1,1,1,1,1,1,1,2,3,2,1,2,3,2,1,1,2,Ziaire Williams
1610612757,POR,2023-11-05T00:00:00,6,2,4,0.333,118.75,17,26,0.654,0,0,0.0,7,9,0.778,11,27,38,5,7,7,7,4,17,8,41,-30,129.1,0,0,112.0,6,6,1,6,6,6,6,6,1,4,1,6,6,1,6,6,6,6,6,6,6,2,1,6,6,5,6,4,2,6,Robert Williams III
1610612763,MEM,2024-03-08T00:00:00,52,18,34,0.346,1436.53,169,379,0.446,79,209,0.378,104,130,0.8,59,231,290,175,92,47,34,22,135,133,521,-91,1282.5,3,0,1227.0,1,1,2,2,1,1,1,1,1,1,1,1,1,2,1,1,1,1,1,1,1,2,2,1,1,2,1,1,1,1,Vince Williams Jr.
1610612751,BKN,2024-04-01T00:00:00,37,11,26,0.297,519.655,59,138,0.428,19,56,0.339,30,34,0.882,37,58,95,38,15,7,1,10,38,25,167,-1,347.0,1,0,335.0,1,1,1,1,1,1,1,1,1,1,1,1,1,1,1,1,1,1,1,1,1,1,1,1,1,1,1,1,1,1,Jalen Wilson
-1,TOT,2024-03-30T00:00:00,16,9,7,0.563,82.01,11,23,0.478,9,20,0.45,0,0,0.0,1,12,13,9,1,2,0,0,5,1,31,4,65.1,0,0,66.0,1,1,1,1,1,1,1,1,1,1,1,1,1,1,1,1,1,1,1,1,1,1,1,1,1,1,1,1,1,1,Dylan Windler
1610612737,ATL,2024-03-30T00:00:00,5,3,2,0.6,46.88333333333333,6,12,0.5,4,10,0.4,0,0,0.0,1,8,9,2,1,2,0,0,2,1,16,-3,34.8,0,0,35.0,4,4,3,3,3,3,3,2,3,3,4,3,3,3,3,3,3,4,3,3,3,1,3,3,3,4,3,2,1,3,Dylan Windler
1610612747,LAL,2024-02-25T00:00:00,8,4,4,0.5,27.69333333333333,4,9,0.444,4,8,0.5,0,0,0.0,0,3,3,6,0,0,0,0,2,0,12,-1,24.6,0,0,25.0,3,3,4,5,4,4,4,4,3,4,1,3,3,3,4,4,4,3,5,5,3,1,3,4,4,2,4,2,1,4,Dylan Windler
1610612765,DET,2024-04-01T00:00:00,56,8,48,0.143,915.86,166,260,0.638,0,2,0.0,60,86,0.698,94,190,284,45,59,9,34,15,128,68,392,-279,870.3,5,0,807.0,1,3,4,3,1,2,2,1,4,3,4,1,1,2,1,1,1,1,2,2,2,2,4,2,2,4,1,2,1,1,James Wiseman
1610612747,LAL,2024-02-14T00:00:00,50,28,22,0.56,871.9433333333334,123,264,0.466,35,114,0.307,66,94,0.702,39,215,254,49,50,16,33,12,72,79,347,3,822.3,2,0,783.0,4,2,5,2,5,5,5,8,5,5,7,5,5,5,5,5,5,5,5,5,5,5,5,5,5,3,5,5,1,5,Christian Wood
-1,TOT,2024-03-31T00:00:00,44,13,31,0.295,673.5716666666667,65,173,0.376,20,58,0.345,35,43,0.814,17,62,79,108,12,48,10,11,29,40,185,-29,603.8,0,0,508.0,3,3,2,3,3,3,3,3,3,3,2,3,3,1,3,3,3,3,3,3,3,1,1,3,3,2,3,3,2,3,Delon Wright
-1,TOT,2024-03-27T00:00:00,29,9,20,0.31,407.0683333333333,63,103,0.612,1,6,0.167,5,14,0.357,42,55,97,55,13,21,5,10,43,13,132,-11,395.9,0,0,337.0,3,3,1,3,3,3,3,1,3,3,3,3,3,3,3,3,3,3,3,3,3,1,1,3,3,2,3,2,1,3,Thaddeus Young
1610612761,TOR,2024-02-07T00:00:00,23,6,17,0.261,350.14166666666665,54,87,0.621,1,6,0.167,5,12,0.417,29,46,75,50,11,18,3,8,38,12,114,-29,331.0,0,0,282.0,19,19,5,18,19,19,19,1,16,17,17,19,19,19,19,19,19,17,19,19,19,2,2,19,19,12,19,15,1,19,Thaddeus Young
1610612737,ATL,2024-02-23T00:00:00,51,22,29,0.431,1861.78,418,982,0.426,169,456,0.371,339,396,0.856,22,118,140,553,220,70,11,53,106,330,1344,-113,2364.5,35,0,2368.0,6,5,2,4,6,6,6,5,3,5,2,6,6,5,6,6,6,6,6,4,3,1,3,6,6,4,6,3,3,6,Trae Young
