"player_name";"team_id";"team_abbr";"max_game_date";"GP";"W";"L";"W_PCT";"MIN";"FGM";"FGA";"FG_PCT";"FG3M";"FG3A";"FG3_PCT";"FTM";"FTA";"FT_PCT";"OREB";"DREB";"REB";"AST";"TOV";"STL";"BLK";"BLKA";"PF";"PFD";"PTS";"PLUS_MINUS";"NBA_FANTASY_PTS";"DD2";"TD3";"WNBA_FANTASY_PTS";"GP_RANK";"W_RANK";"L_RANK";"W_PCT_RANK";"MIN_RANK";"FGM_RANK";"FGA_RANK";"FG_PCT_RANK";"FG3M_RANK";"FG3A_RANK";"FG3_PCT_RANK";"FTM_RANK";"FTA_RANK";"FT_PCT_RANK";"OREB_RANK";"DREB_RANK";"REB_RANK";"AST_RANK";"TOV_RANK";"STL_RANK";"BLK_RANK";"BLKA_RANK";"PF_RANK";"PFD_RANK";"PTS_RANK";"PLUS_MINUS_RANK";"NBA_FANTASY_PTS_RANK";"DD2_RANK";"TD3_RANK";"WNBA_FANTASY_PTS_RANK"
"Precious Achiuwa";1610612752;"NYK";"2024-04-02";43;27;16;0.628;1112.415;152;283;0.537;12;46;0.261;45;70;0.643;137;194;331;50;49;29;54;23;92;53;361;28;1033;7;0;920;4;4;1;2;3;3;3;2;4;4;4;4;4;2;2;3;2;2;3;3;1;2;3;4;3;2;3;2;1;3
"Bam Adebayo";1610612748;"MIA";"2024-04-02";64;36;28;0.563;2194.4483333333333;486;931;0.522;10;30;0.333;279;371;0.752;144;536;680;254;149;74;61;43;144;320;1261;43;2714;39;2;2475;5;4;2;3;3;2;2;6;1;1;1;3;3;4;4;2;3;3;4;5;4;5;2;4;2;4;3;2;2;3
"Grayson Allen";1610612756;"PHX";"2024-04-01";69;41;28;0.594;2317.596666666667;311;616;0.505;189;403;0.469;115;131;0.878;43;220;263;217;88;60;43;22;146;125;926;210;1788;1;0;1801;2;3;6;3;1;1;1;1;1;1;1;1;1;2;2;1;1;1;1;2;1;4;6;1;1;3;1;1;1;1
"Deni Avdija";1610612764;"WAS";"2024-04-02";69;14;55;0.203;2051.9766666666665;370;729;0.508;80;211;0.379;173;235;0.736;81;414;495;264;145;55;29;68;172;221;993;-333;2090;15;0;2000;3;4;4;4;1;1;1;1;2;3;1;1;1;3;1;1;1;1;1;3;2;4;2;1;1;4;1;1;1;1
"Udoka Azubuike";1610612756;"PHX";"2024-02-14";14;10;4;0.714;107.345;16;22;0.727;0;0;0.0;3;11;0.273;11;21;32;3;4;1;6;3;17;8;35;-38;95;1;0;84;4;4;2;2;3;3;3;3;1;1;1;4;2;4;3;3;3;2;3;2;3;3;2;3;3;2;3;1;1;3
"Marvin Bagley III";1610612764;"WAS";"2024-04-02";24;5;19;0.208;574.9483333333334;132;227;0.581;8;17;0.471;46;65;0.708;84;110;194;28;30;15;19;24;41;56;318;-63;665;9;0;616;6;6;3;5;5;4;5;2;5;7;1;5;4;5;4;5;5;4;4;4;4;6;2;4;4;2;4;3;1;4
"Amari Bailey";1610612766;"CHA";"2024-03-29";8;0;8;0.0;31.0;3;12;0.25;0;5;0.0;1;2;0.5;2;0;2;2;1;1;0;0;0;1;7;3;14;0;0;13;1;1;1;1;1;1;1;1;1;1;1;1;1;1;1;1;1;1;1;1;1;1;1;1;1;1;1;1;1;1
"Patrick Baldwin Jr.";1610612764;"WAS";"2024-03-31";32;6;26;0.188;330.9316666666667;33;105;0.314;18;65;0.277;13;19;0.684;13;70;83;20;14;10;11;4;37;17;97;-26;276;0;0;260;1;2;2;2;1;2;2;2;2;2;2;1;1;1;1;1;1;1;1;1;1;2;2;1;2;1;1;1;1;1
"LaMelo Ball";1610612766;"CHA";"2024-01-26";22;7;15;0.318;711.35;183;423;0.433;70;197;0.355;90;104;0.865;29;84;113;176;83;40;4;14;79;90;526;-139;975;7;1;973;4;4;1;4;4;4;4;2;4;4;3;4;4;2;4;4;4;4;4;4;4;1;1;4;4;3;4;3;3;4
"Harrison Barnes";1610612758;"SAC";"2024-04-02";75;44;31;0.587;2195.435;325;676;0.481;142;356;0.399;135;168;0.804;60;161;221;88;53;48;11;24;93;147;927;-106;1448;0;0;1496;8;6;6;4;8;6;8;3;1;2;3;9;10;7;10;12;11;11;12;8;8;2;4;9;7;9;9;12;1;8
"Bradley Beal";1610612756;"PHX";"2024-04-01";46;28;18;0.609;1524.2383333333332;317;634;0.5;79;203;0.389;96;121;0.793;43;150;193;235;116;45;18;29;109;91;809;71;1466;3;0;1442;11;7;1;2;11;11;12;2;11;12;4;12;12;7;8;11;10;9;10;10;8;2;3;12;11;5;11;6;2;11
"Davis Bertans";1610612766;"CHA";"2024-04-01";22;7;15;0.318;447.745;61;159;0.384;52;136;0.382;13;15;0.867;5;34;39;21;10;16;6;5;32;15;187;-84;321;0;0;343;8;10;3;10;8;7;8;8;7;8;7;8;7;5;9;9;9;6;7;6;7;5;3;8;8;10;8;2;1;8
"Davis Bertans";1610612760;"OKC";"2024-01-31";15;11;4;0.733;91.10833333333332;10;26;0.385;10;24;0.417;14;15;0.933;2;8;10;9;1;3;3;1;10;8;44;24;87;0;0;85;10;9;1;3;10;10;10;7;10;10;3;7;7;1;10;10;10;10;10;10;10;2;1;10;10;6;10;2;1;10
"Bismack Biyombo";1610612760;"OKC";"2024-03-29";7;4;3;0.571;39.656666666666666;1;4;0.25;0;0;0.0;2;4;0.5;3;3;6;2;4;1;1;2;6;2;4;-3;16;0;0;16;14;14;1;3;14;14;14;14;1;4;1;14;14;10;14;14;14;14;14;14;14;1;1;14;14;4;14;14;1;14
"Bojan Bogdanovic";1610612752;"NYK";"2024-04-02";22;11;11;0.5;437.5366666666667;82;197;0.416;35;101;0.347;29;37;0.784;8;41;49;21;32;5;1;12;34;25;228;-72;304;0;0;345;12;10;1;7;12;12;12;12;12;12;12;12;12;11;12;12;12;11;12;12;10;1;1;12;12;7;12;4;1;12
"Bol Bol";1610612756;"PHX";"2024-04-01";37;24;13;0.649;411.2416666666667;83;134;0.619;19;45;0.422;13;17;0.765;30;92;122;16;15;6;22;2;39;10;198;26;437;1;0;411;2;2;4;2;2;2;2;1;2;2;2;2;2;2;2;2;2;2;2;2;2;4;4;2;2;1;2;2;1;2
"Devin Booker";1610612756;"PHX";"2024-04-01";61;38;23;0.623;2181.165;590;1189;0.496;136;370;0.368;354;402;0.881;50;239;289;422;154;52;27;46;187;312;1670;264;2733;12;0;2675;7;3;4;4;6;5;6;1;5;7;3;4;4;2;1;4;3;3;8;5;1;2;5;6;6;3;3;1;1;3
"James Bouknight";1610612766;"CHA";"2024-02-04";14;0;14;0.0;80.9;18;41;0.439;13;30;0.433;1;2;0.5;1;8;9;6;2;1;1;2;3;3;50;-11;74;0;0;82;3;3;1;3;3;3;3;1;3;3;1;3;3;3;3;3;3;3;3;3;2;1;1;3;3;1;3;1;1;3
"Miles Bridges";1610612766;"CHA";"2024-04-01";64;15;49;0.234;2418.9333333333334;527;1143;0.461;150;427;0.351;163;200;0.815;68;411;479;216;129;63;30;60;111;160;1367;-607;2416;19;0;2398;5;5;5;5;2;2;2;4;2;2;2;2;2;2;4;2;2;2;2;2;5;4;1;2;2;5;2;1;1;2
"Jaylen Brown";1610612738;"BOS";"2024-03-30";66;50;16;0.758;2215.7116666666666;595;1185;0.502;138;385;0.358;204;291;0.701;78;286;364;239;151;77;32;67;173;234;1532;441;2503;5;1;2491;5;1;1;1;3;2;3;1;4;4;4;3;3;5;1;4;3;1;4;1;1;6;6;4;3;2;2;5;2;3
"Kendall Brown";1610612754;"IND";"2024-04-01";13;8;5;0.615;50.458333333333336;6;11;0.545;0;1;0.0;5;8;0.625;3;1;4;4;1;0;0;0;8;6;17;-28;27;0;0;25;1;1;1;1;1;1;1;2;1;1;1;1;1;1;1;2;2;1;2;2;1;1;1;1;1;2;2;1;1;2
"Kobe Brown";1610612746;"LAC";"2024-04-02";39;25;14;0.641;300.49833333333333;26;65;0.4;12;39;0.308;1;2;0.5;10;37;47;17;7;6;3;4;42;3;65;-58;167;0;0;159;1;1;1;1;1;1;1;1;1;1;1;1;1;1;1;1;1;1;1;1;1;1;1;1;1;1;1;1;1;1
"Greg Brown III";1610612742;"DAL";"2024-01-05";6;3;3;0.5;39.74333333333333;5;11;0.455;1;3;0.333;4;9;0.444;3;6;9;4;4;0;4;1;5;5;15;-9;40;0;0;37;3;3;1;2;3;3;3;1;2;3;1;3;3;2;2;3;3;2;3;3;3;1;1;3;3;2;3;1;1;3
"Jalen Brunson";1610612752;"NYK";"2024-04-02";70;43;27;0.614;2456.866666666667;697;1466;0.475;189;476;0.397;362;430;0.842;39;211;250;459;170;63;13;55;132;422;1945;436;2992;6;0;2995;3;2;2;2;2;1;1;4;1;1;3;1;1;1;3;2;2;1;1;2;2;6;4;1;1;1;1;2;1;1
"Thomas Bryant";1610612748;"MIA";"2024-03-31";37;21;16;0.568;417.9683333333333;78;139;0.561;4;21;0.19;39;45;0.867;37;94;131;22;19;10;15;9;45;31;199;-1;445;1;0;406;4;2;4;2;5;4;5;5;6;5;7;4;4;2;4;4;4;5;4;4;5;5;5;5;5;1;4;4;1;4
"Alec Burks";1610612752;"NYK";"2024-04-02";20;9;11;0.45;282.8183333333333;49;156;0.314;24;80;0.3;22;31;0.71;8;29;37;16;14;4;1;9;10;22;144;-70;213;0;0;231;14;12;4;9;15;15;15;17;14;10;16;16;16;17;15;15;15;16;16;17;15;3;2;16;15;12;16;6;1;15
"Jared Butler";1610612764;"WAS";"2024-04-02";34;6;28;0.176;425.12;74;149;0.497;19;59;0.322;21;24;0.875;7;34;41;95;40;21;5;8;40;33;188;-35;418;0;0;395;2;2;3;3;1;1;2;1;2;2;2;1;1;1;1;2;2;1;1;1;2;3;2;1;1;3;1;1;1;1
"Jordan Clarkson";1610612762;"UTA";"2024-03-25";55;22;33;0.4;1682.3416666666667;337;816;0.413;91;309;0.294;177;201;0.881;49;139;188;277;146;35;6;51;81;140;942;-191;1560;6;1;1580;8;6;8;7;7;7;7;12;8;7;12;2;3;3;6;7;8;1;3;8;10;8;5;6;7;8;7;1;1;7
"Bilal Coulibaly";1610612764;"WAS";"2024-03-16";63;11;52;0.175;1715.25;188;432;0.435;64;185;0.346;92;131;0.702;56;200;256;110;87;57;48;43;137;101;532;-419;1232;1;0;1172;1;1;1;1;1;1;1;1;1;1;1;1;1;1;1;1;1;1;1;1;1;1;1;1;1;1;1;1;1;1
"Stephen Curry";1610612744;"GSW";"2024-04-02";69;40;29;0.58;2254.373333333333;605;1354;0.447;332;821;0.404;279;302;0.924;36;264;300;347;195;50;24;48;109;253;1821;153;2729;7;0;2948;8;9;12;9;9;8;6;13;4;2;13;6;6;3;10;10;11;12;10;13;2;11;3;7;7;10;10;10;6;8
"Dyson Daniels";1610612740;"NOP";"2024-04-01";54;30;24;0.556;1174.7416666666666;117;267;0.438;33;115;0.287;32;50;0.64;56;145;201;143;53;76;21;11;88;38;299;95;993;1;0;870;2;2;1;2;1;1;1;1;1;1;2;1;1;2;1;2;1;1;2;1;1;2;1;2;1;1;1;1;1;1
"Johnny Davis";1610612764;"WAS";"2024-04-02";45;8;37;0.178;515.635;48;134;0.358;8;33;0.242;10;17;0.588;18;47;65;25;8;15;9;10;43;18;114;-110;294;0;0;260;1;2;2;2;1;2;2;2;2;2;2;2;2;1;1;2;1;2;2;1;1;2;1;2;2;2;2;1;1;2
"JD Davison";1610612738;"BOS";"2024-03-22";6;6;0;1.0;11.443333333333332;2;3;0.667;2;3;0.667;2;2;1.0;1;2;3;1;0;0;0;0;1;1;8;8;13;0;0;14;2;2;1;1;2;2;2;1;1;2;1;1;1;1;2;2;2;2;2;2;2;1;1;2;2;1;2;1;1;2
"Moussa Diabate";1610612746;"LAC";"2024-03-01";11;7;4;0.636;64.23833333333333;10;19;0.526;0;0;0.0;9;14;0.643;15;9;24;4;2;5;1;3;4;10;29;-2;80;0;0;69;2;2;1;1;2;2;2;1;2;2;2;2;2;1;2;2;2;1;2;2;2;1;1;2;2;1;2;1;1;2
"Ousmane Dieng";1610612760;"OKC";"2024-03-20";31;19;12;0.613;341.62;43;104;0.413;20;67;0.299;14;16;0.875;10;40;50;33;17;5;3;3;20;14;120;-1;237;0;0;239;2;2;1;1;2;2;2;2;2;2;1;2;2;1;2;2;2;2;2;2;2;1;1;2;2;2;2;1;1;2
"Chris Duarte";1610612758;"SAC";"2024-04-02";55;33;22;0.6;698.3633333333333;79;203;0.389;43;121;0.355;26;33;0.788;26;76;102;42;24;28;8;11;75;46;227;-72;496;0;0;486;1;1;1;1;3;3;3;2;3;3;2;3;3;3;2;3;3;3;3;2;3;1;2;3;3;2;3;1;1;3
"Kris Dunn";1610612762;"UTA";"2024-04-02";65;25;40;0.385;1225.5766666666666;144;308;0.468;41;110;0.373;18;27;0.667;49;139;188;253;78;67;28;18;132;30;347;9;1159;1;0;1019;2;2;7;1;5;4;5;2;2;3;2;6;6;7;1;5;2;3;4;5;2;4;4;6;4;1;3;4;1;3
"Kevin Durant";1610612756;"PHX";"2024-04-01";68;39;29;0.574;2525.701666666667;686;1300;0.528;153;364;0.42;342;400;0.855;37;422;459;350;227;62;88;44;119;339;1867;250;3166;14;1;3129;9;10;14;15;10;7;9;5;4;6;4;12;12;15;10;10;11;7;7;10;4;12;7;7;8;12;8;11;6;8
"Anthony Edwards";1610612750;"MIN";"2024-04-02";72;50;22;0.694;2538.083333333333;660;1430;0.462;172;480;0.358;383;461;0.831;47;353;400;369;225;92;41;54;129;303;1875;448;3083;9;0;3082;2;1;1;1;2;2;2;1;3;4;2;1;1;1;3;2;2;1;2;3;3;2;1;1;2;1;2;1;1;2
"Dante Exum";1610612742;"DAL";"2024-04-02";49;31;18;0.633;947.5216666666666;149;271;0.55;49;95;0.516;51;66;0.773;22;102;124;139;42;21;5;16;77;72;398;180;791;0;0;762;3;3;4;2;3;2;3;1;2;3;1;3;3;5;3;2;3;2;4;2;4;6;6;3;2;1;2;2;1;3
"De'Aaron Fox";1610612758;"SAC";"2024-04-02";67;40;27;0.597;2391.468333333333;643;1390;0.463;183;508;0.36;295;400;0.738;64;240;304;383;177;134;29;64;176;308;1764;206;3015;6;0;2960;4;2;1;2;3;2;1;5;1;1;2;4;4;3;1;3;2;4;3;1;2;4;6;4;2;1;1;5;2;1
"Keyonte George";1610612762;"UTA";"2024-04-02";69;25;44;0.362;1858.1766666666667;285;739;0.386;132;397;0.332;176;207;0.85;14;184;198;310;166;34;7;48;83;188;878;-352;1538;1;0;1600;1;1;1;1;1;1;1;1;1;1;1;1;1;1;1;1;1;1;1;1;1;1;1;1;1;1;1;1;1;1
"Paul George";1610612746;"LAC";"2024-04-02";69;44;25;0.638;2352.6583333333333;547;1162;0.471;231;560;0.413;232;257;0.903;35;328;363;244;137;107;34;52;190;207;1557;422;2645;2;0;2677;7;5;7;5;7;6;7;1;3;4;1;7;8;1;11;7;8;9;9;8;4;7;7;9;6;3;7;11;5;7
"Josh Giddey";1610612760;"OKC";"2024-04-02";74;52;22;0.703;1841.2883333333332;370;777;0.476;78;227;0.344;85;108;0.787;103;361;464;341;146;48;42;63;99;84;903;322;2095;7;2;1966;2;1;1;1;2;2;2;2;1;2;1;2;2;1;2;2;2;3;3;3;1;2;2;3;2;1;2;3;3;2
"Shai Gilgeous-Alexander";1610612760;"OKC";"2024-03-31";71;51;20;0.718;2443.97;763;1416;0.539;92;252;0.365;532;610;0.872;62;332;394;447;156;148;64;73;179;458;2150;538;3773;8;0;3507;2;1;2;1;1;1;1;1;1;2;3;2;2;2;1;2;2;1;2;1;2;5;5;2;1;1;1;2;3;1
"Eric Gordon";1610612756;"PHX";"2024-04-01";62;37;25;0.597;1762.99;261;583;0.448;143;372;0.384;48;60;0.8;16;104;120;132;69;57;28;39;76;59;713;105;1241;0;0;1278;6;4;7;5;9;10;10;7;4;4;6;16;16;11;9;9;9;11;13;5;3;9;8;15;10;4;9;3;1;9
"Draymond Green";1610612744;"GSW";"2024-04-02";50;30;20;0.6;1337.5183333333334;174;349;0.499;45;117;0.385;53;70;0.757;70;292;362;300;121;49;42;17;150;114;446;143;1482;8;1;1335;10;11;6;8;9;8;9;3;7;10;2;11;11;5;6;9;9;8;9;11;10;5;3;9;8;10;9;7;6;9
"Josh Green";1610612742;"DAL";"2024-03-14";54;31;23;0.574;1436.415;175;355;0.493;71;177;0.401;37;55;0.673;38;136;174;125;57;45;9;29;105;73;458;-49;959;0;0;936;3;2;2;2;2;2;2;3;1;1;2;2;2;3;3;1;2;1;2;1;2;4;2;2;2;4;2;3;1;2
"Tyrese Haliburton";1610612754;"IND";"2024-04-01";63;36;27;0.571;2025.9283333333333;463;969;0.478;179;486;0.368;179;208;0.861;34;215;249;695;145;74;42;53;67;154;1284;257;2828;42;1;2639;1;1;2;1;1;1;1;3;1;1;5;1;1;2;3;1;1;1;1;4;1;5;2;2;1;1;1;1;1;1
"Tim Hardaway Jr.";1610612742;"DAL";"2024-04-02";72;44;28;0.611;1975.611666666667;371;915;0.405;201;557;0.361;139;163;0.853;21;218;239;126;63;38;6;31;97;152;1082;51;1627;0;0;1736;3;1;4;1;5;4;1;7;4;1;5;6;7;3;5;2;2;6;7;7;8;7;4;6;4;6;5;3;1;4
"James Harden";1610612746;"LAC";"2024-04-02";68;43;25;0.632;2362.635;335;774;0.433;178;458;0.389;285;325;0.877;33;315;348;581;176;76;57;41;123;227;1133;280;2645;22;2;2506;10;9;8;11;9;10;10;14;8;9;2;13;13;4;13;8;10;6;11;11;4;4;6;13;10;8;10;8;10;10
"Jaden Hardy";1610612742;"DAL";"2024-04-02";66;39;27;0.591;890.47;178;435;0.409;77;210;0.367;49;64;0.766;16;94;110;99;50;18;4;23;69;71;482;-83;779;0;0;812;1;1;1;1;1;1;1;2;1;1;2;2;2;2;1;1;1;1;1;1;2;1;2;1;1;2;1;1;1;1
"Josh Hart";1610612752;"NYK";"2024-04-02";74;43;31;0.581;2456.04;254;608;0.418;75;246;0.305;79;102;0.775;118;492;610;296;107;67;22;48;151;108;662;296;1998;18;6;1821;1;1;6;2;1;1;1;8;4;3;8;4;4;3;1;1;1;1;1;1;3;9;8;2;1;1;1;1;1;1
"Jordan Hawkins";1610612740;"NOP";"2024-04-01";64;37;27;0.578;1140.0833333333333;172;450;0.382;107;293;0.365;67;80;0.838;28;117;145;70;38;18;6;17;71;43;518;16;831;0;0;888;1;1;1;1;1;1;1;1;1;1;1;1;1;1;1;1;1;1;1;1;1;1;1;1;1;1;1;1;1;1
"Gordon Hayward";1610612760;"OKC";"2024-04-02";21;15;6;0.714;348.55;33;81;0.407;13;24;0.542;18;26;0.692;11;40;51;36;9;7;1;7;18;17;97;-40;227;0;0;213;14;13;2;1;14;14;14;15;14;14;1;14;14;14;14;14;14;14;14;14;14;2;2;14;14;11;14;11;1;14
"Gordon Hayward";1610612766;"CHA";"2023-12-26";25;7;18;0.28;797.8833333333333;139;297;0.468;22;61;0.361;62;81;0.765;25;92;117;116;51;28;12;11;46;72;362;-133;745;0;0;697;13;14;3;14;13;13;12;7;13;13;9;13;13;12;13;13;13;12;13;13;12;3;3;13;13;13;13;11;1;13
"Taylor Hendricks";1610612762;"UTA";"2024-04-02";34;11;23;0.324;713.2816666666666;91;207;0.44;44;122;0.361;20;25;0.8;40;118;158;22;23;21;26;11;72;17;246;-132;587;1;0;564;1;1;1;1;1;1;1;1;1;1;1;1;1;1;1;1;1;1;1;1;1;1;1;1;1;1;1;1;1;1
"Tyler Herro";1610612748;"MIA";"2024-02-23";36;19;17;0.528;1209.361666666667;283;648;0.437;117;293;0.399;66;79;0.835;18;173;191;158;77;29;3;41;51;68;749;-23;1234;2;0;1279;5;5;1;5;5;4;4;4;3;5;1;5;5;4;4;5;5;4;5;5;5;3;1;5;4;4;5;4;2;5
"Chet Holmgren";1610612760;"OKC";"2024-04-02";75;52;23;0.693;2240.99;467;877;0.532;121;322;0.376;197;246;0.801;116;474;590;189;121;47;178;58;182;227;1252;379;2798;22;0;2602;1;1;1;1;1;1;1;1;1;1;1;1;1;1;1;1;1;1;1;1;1;1;1;1;1;1;1;1;1;1
"Trayce Jackson-Davis";1610612744;"GSW";"2024-04-02";61;34;27;0.557;965.76;200;284;0.704;0;1;0.0;61;111;0.55;118;177;295;70;41;25;63;33;99;77;461;45;1143;5;0;1002;1;1;1;1;1;1;1;1;1;1;1;1;1;1;1;1;1;1;1;1;1;1;1;1;1;1;1;1;1;1
"Jaime Jaquez Jr.";1610612748;"MIA";"2024-04-02";68;40;28;0.588;1956.1483333333333;317;650;0.488;58;186;0.312;129;160;0.806;76;186;262;174;104;71;15;61;154;121;821;30;1550;1;0;1487;1;1;1;1;1;1;1;1;1;1;1;1;1;1;1;1;1;1;1;1;1;1;1;1;1;1;1;1;1;1
"Keyontae Johnson";1610612760;"OKC";"2024-02-27";9;7;2;0.778;66.2;5;16;0.313;1;3;0.333;0;0;0.0;4;6;10;4;4;1;0;2;5;0;11;-7;28;0;0;28;1;1;1;1;1;1;1;1;1;1;1;1;1;1;1;1;1;1;1;1;1;1;1;1;1;1;1;1;1;1
"Colby Jones";1610612758;"SAC";"2024-04-02";24;13;11;0.542;145.375;21;55;0.382;1;15;0.067;2;5;0.4;14;17;31;14;6;4;1;3;19;5;45;-13;112;0;0;101;1;1;1;1;1;1;1;1;1;1;1;1;1;1;1;1;1;1;1;1;1;1;1;1;1;1;1;1;1;1
"Herbert Jones";1610612740;"NOP";"2024-04-01";69;42;27;0.609;2071.125;271;536;0.506;105;248;0.423;122;142;0.859;70;174;244;179;81;95;61;36;203;126;769;197;1717;0;0;1609;2;1;1;1;2;2;2;1;1;1;1;3;3;1;3;2;3;1;3;3;1;2;1;3;1;1;2;2;1;2
"Nikola Jovic";1610612748;"MIA";"2024-04-02";39;20;19;0.513;730.945;93;212;0.439;50;122;0.41;25;39;0.641;23;135;158;80;36;22;13;7;69;46;261;160;640;0;0;619;1;1;2;1;1;1;1;1;1;1;1;1;1;2;1;1;1;1;1;1;1;2;2;1;1;1;1;1;1;1
"Corey Kispert";1610612764;"WAS";"2024-04-02";74;15;59;0.203;1843.305;348;719;0.484;164;436;0.376;104;144;0.722;27;176;203;127;85;39;15;47;127;107;964;-388;1475;1;0;1566;2;3;3;3;2;1;1;2;1;1;2;1;1;3;3;1;3;1;1;1;2;3;3;1;1;3;1;1;1;1
"Jonathan Kuminga";1610612744;"GSW";"2024-03-26";70;36;34;0.514;1843.525;438;828;0.529;50;158;0.316;214;289;0.74;88;245;333;148;116;51;34;72;159;207;1140;129;1901;4;0;1841;1;3;3;3;1;1;1;1;2;1;3;1;1;1;1;1;1;1;1;1;1;3;3;1;1;1;1;1;1;1
"Saben Lee";1610612756;"PHX";"2024-03-09";21;12;9;0.571;177.73833333333334;18;53;0.34;2;16;0.125;29;39;0.744;9;22;31;30;8;7;3;7;13;26;67;16;171;0;0;150;4;3;2;2;4;4;4;5;4;4;4;4;4;2;4;4;4;4;4;4;3;2;2;4;4;1;4;3;1;4
"Alex Len";1610612758;"SAC";"2024-04-02";41;22;19;0.537;381.0033333333333;47;75;0.627;0;3;0.0;18;30;0.6;43;74;117;38;24;11;30;10;55;24;112;129;408;0;0;349;8;6;5;4;9;9;10;1;11;8;11;10;10;12;9;9;9;8;10;9;8;5;4;10;9;1;9;10;1;9
"Kawhi Leonard";1610612746;"LAC";"2024-03-31";68;44;24;0.647;2330.04;610;1162;0.525;140;336;0.417;253;286;0.885;84;332;416;244;119;111;59;30;97;287;1613;392;2869;4;1;2753;3;6;12;10;3;2;2;1;2;2;2;6;6;3;4;7;5;4;4;5;2;6;6;4;2;6;3;9;1;2
"Kira Lewis Jr.";1610612762;"UTA";"2024-04-02";10;1;9;0.1;74.89333333333333;10;24;0.417;2;10;0.2;5;6;0.833;4;4;8;14;5;2;1;0;3;5;27;-18;62;0;0;57;5;5;3;5;5;5;5;2;4;5;4;5;5;4;4;5;5;5;5;5;3;1;2;5;5;4;5;1;1;5
"Kira Lewis Jr.";1610612740;"NOP";"2024-01-13";15;9;6;0.6;143.56;16;52;0.308;2;20;0.1;10;11;0.909;4;10;14;18;8;5;1;4;8;8;44;-19;98;0;0;90;4;3;2;1;4;4;4;5;4;4;5;3;4;1;4;4;4;4;4;4;3;3;3;4;4;5;4;1;1;4
"E.J. Liddell";1610612740;"NOP";"2024-01-27";8;3;5;0.375;23.08333333333333;1;6;0.167;0;5;0.0;2;2;1.0;0;5;5;1;2;2;2;0;2;1;4;-4;22;0;0;18;1;1;1;1;1;1;1;1;1;1;1;1;1;1;1;1;1;1;1;1;1;1;1;1;1;1;1;1;1;1
"Dereck Lively II";1610612742;"DAL";"2024-03-31";55;35;20;0.636;1294.2816666666668;221;296;0.747;0;2;0.0;41;81;0.506;135;243;378;60;50;36;77;20;144;75;483;144;1316;8;0;1147;1;1;1;1;1;1;1;1;1;1;1;1;1;1;1;1;1;1;1;1;1;1;1;1;1;1;1;1;1;1
"Kevon Looney";1610612744;"GSW";"2024-04-02";68;39;29;0.574;1117.9533333333334;128;211;0.607;0;1;0.0;51;75;0.68;132;258;390;128;47;24;23;22;146;67;307;-24;1061;1;0;919;4;6;7;6;5;4;4;3;7;7;7;4;5;2;4;3;4;3;3;5;5;5;6;4;4;8;4;3;1;4
"Trey Lyles";1610612758;"SAC";"2024-04-02";51;31;20;0.608;1013.1233333333332;127;281;0.452;75;193;0.389;46;66;0.697;52;172;224;63;34;14;16;11;80;62;375;132;794;0;0;797;7;6;3;2;7;8;8;6;3;5;1;8;8;8;6;8;8;6;8;8;8;2;3;6;8;1;8;9;1;8
"Terance Mann";1610612746;"LAC";"2024-04-02";68;43;25;0.632;1724.3333333333333;217;443;0.49;66;193;0.342;70;85;0.824;78;145;223;111;42;37;15;27;128;71;570;40;1118;1;0;1074;3;3;3;3;3;3;3;3;3;3;5;4;4;2;2;4;4;3;3;3;3;2;3;4;3;2;3;3;1;3
"Tre Mann";1610612766;"CHA";"2024-04-01";21;7;14;0.333;641.995;92;206;0.447;28;80;0.35;28;38;0.737;13;85;98;105;41;29;1;14;37;51;240;-102;564;0;0;531;3;4;2;3;3;3;3;2;3;3;3;3;3;4;3;3;3;2;3;3;3;2;2;3;3;3;3;2;2;3
"Tre Mann";1610612760;"OKC";"2024-01-11";13;11;2;0.846;119.43833333333332;20;40;0.5;8;19;0.421;1;1;1.0;4;20;24;20;9;3;0;0;3;3;49;-5;108;0;0;107;4;3;1;1;4;4;4;1;4;4;1;4;4;1;4;4;4;4;4;4;4;1;1;4;4;2;4;2;2;4
"Lauri Markkanen";1610612762;"UTA";"2024-03-27";55;22;33;0.4;1819.746666666667;427;890;0.48;175;439;0.399;249;277;0.899;122;327;449;110;77;50;26;45;100;243;1278;21;2133;19;0;2164;4;4;4;3;4;2;2;3;2;2;2;2;2;1;2;4;4;2;5;1;5;4;3;2;2;3;2;3;1;2
"Cody Martin";1610612766;"CHA";"2024-03-01";28;7;21;0.25;752.9916666666667;82;215;0.381;27;86;0.314;20;33;0.606;19;90;109;104;44;32;18;19;48;41;211;-157;604;1;0;551;4;4;2;5;4;4;2;5;2;2;2;4;4;3;4;4;4;2;2;4;2;4;2;4;3;5;4;1;1;4
"Bennedict Mathurin";1610612754;"IND";"2024-03-05";59;33;26;0.559;1538.39;296;663;0.446;80;214;0.374;184;224;0.821;60;174;234;119;97;35;14;74;117;165;856;-92;1365;3;0;1387;2;1;1;1;2;2;2;1;2;2;1;2;2;2;2;2;2;1;2;2;1;1;1;2;2;1;2;1;1;2
"Miles McBride";1610612752;"NYK";"2024-04-02";62;37;25;0.597;1171.47;185;404;0.458;98;233;0.421;39;45;0.867;26;57;83;99;27;46;7;20;98;53;507;-2;887;0;0;893;2;1;2;1;1;1;1;1;1;1;1;1;1;1;1;1;1;1;1;1;2;3;3;1;1;3;1;1;1;1
"JaVale McGee";1610612758;"SAC";"2024-03-26";43;26;17;0.605;326.51166666666666;75;124;0.605;1;5;0.2;25;43;0.581;39;78;117;15;32;13;20;5;45;38;176;-5;406;0;0;375;10;7;7;8;15;15;15;8;5;6;6;12;13;14;13;14;13;11;12;12;15;4;5;14;14;8;14;12;2;13
"Bryce McGowens";1610612766;"CHA";"2024-04-01";54;9;45;0.167;801.3616666666667;89;198;0.449;30;91;0.33;54;71;0.761;16;77;93;46;26;20;7;14;72;67;262;-193;498;0;0;485;1;2;2;2;1;1;2;1;1;1;1;2;2;1;2;1;1;2;2;1;1;1;2;2;1;2;1;1;1;1
"Brandon Miller";1610612766;"CHA";"2024-04-01";68;16;52;0.235;2196.23;434;997;0.435;167;448;0.373;121;149;0.812;58;235;293;162;118;59;37;43;173;177;1156;-456;1921;1;0;1970;1;1;1;1;1;1;1;1;1;1;1;1;1;1;1;1;1;1;1;1;1;1;1;1;1;1;1;1;1;1
"Jordan Miller";1610612746;"LAC";"2024-03-17";8;5;3;0.625;28.191666666666663;5;9;0.556;1;2;0.5;2;2;1.0;3;2;5;0;1;0;0;2;2;1;13;-13;18;0;0;19;1;1;1;1;1;1;1;1;1;1;1;1;1;1;1;1;1;1;1;1;1;1;1;1;1;1;1;1;1;1
"Josh Minott";1610612750;"MIN";"2024-03-29";26;20;6;0.769;70.36166666666666;12;27;0.444;2;8;0.25;12;14;0.857;3;10;13;4;2;4;5;2;7;8;38;1;85;0;0;75;1;1;1;1;2;2;2;2;1;1;2;1;1;2;2;2;2;2;2;1;2;1;1;1;2;2;2;2;1;2
"Davion Mitchell";1610612758;"SAC";"2024-04-02";65;39;26;0.6;933.1683333333332;122;263;0.464;47;131;0.359;24;33;0.727;16;63;79;112;37;16;3;8;76;43;315;-90;598;0;0;591;3;2;1;1;3;3;3;1;3;3;1;3;2;2;2;3;3;3;3;3;3;1;1;3;3;2;3;2;1;3
"Malik Monk";1610612758;"SAC";"2024-03-29";72;42;30;0.583;1872.3066666666664;396;893;0.443;148;423;0.35;170;205;0.829;28;184;212;370;150;45;39;55;156;167;1110;10;2021;2;0;2008;4;2;2;2;2;1;1;3;2;2;4;2;2;4;3;2;2;1;1;3;1;7;7;1;1;4;1;1;1;1
"Moses Moody";1610612744;"GSW";"2024-04-02";59;33;26;0.559;1020.6183333333332;176;378;0.466;65;182;0.357;64;80;0.8;60;118;178;47;40;39;23;28;77;73;481;82;911;0;0;895;2;3;2;3;1;1;1;2;1;1;3;1;1;1;1;1;1;2;1;1;1;3;3;1;1;1;1;1;1;1
"Wendell Moore Jr.";1610612750;"MIN";"2024-03-29";19;15;4;0.789;52.64833333333333;5;11;0.455;0;4;0.0;0;0;0.0;0;7;7;2;3;5;1;0;4;0;10;-25;36;0;0;31;2;2;1;1;2;2;2;1;2;2;2;2;2;2;2;2;2;2;2;2;2;1;1;2;2;1;2;1;1;2
"Markieff Morris";1610612742;"DAL";"2024-03-31";22;13;9;0.591;173.37166666666667;20;54;0.37;13;34;0.382;3;4;0.75;4;27;31;12;10;5;1;2;11;7;56;-41;119;0;0;124;14;11;4;3;16;16;16;17;14;16;3;16;16;11;16;16;16;15;14;15;15;4;1;16;16;12;16;14;1;16
"Keegan Murray";1610612758;"SAC";"2024-04-02";70;41;29;0.586;2333.4666666666667;401;867;0.463;159;442;0.36;95;116;0.819;91;283;374;117;60;72;52;37;190;91;1056;121;1992;6;0;1954;2;2;1;2;2;1;1;1;2;2;2;1;1;1;1;1;1;1;1;1;1;1;2;1;1;1;1;1;1;1
"Andrew Nembhard";1610612754;"IND";"2024-04-01";62;37;25;0.597;1530.9583333333333;241;484;0.498;56;155;0.361;39;49;0.796;34;94;128;255;93;57;5;20;127;80;577;53;1206;1;0;1140;2;1;1;1;2;2;2;1;2;2;1;2;2;1;2;2;2;2;2;2;2;1;1;2;2;1;2;2;1;2
"Aaron Nesmith";1610612754;"IND";"2024-04-01";66;37;29;0.561;1822.76;289;587;0.492;134;312;0.429;92;122;0.754;58;190;248;99;59;61;47;50;219;128;804;143;1515;1;0;1501;2;1;3;2;1;1;2;1;1;2;1;2;2;4;2;2;2;1;2;1;1;4;3;2;1;1;1;1;1;1
"Frank Ntilikina";1610612766;"CHA";"2024-01-31";5;0;5;0.0;42.9;1;9;0.111;1;8;0.125;2;2;1.0;1;5;6;4;1;0;0;0;4;1;5;-1;17;0;0;16;7;7;1;7;7;7;7;7;7;7;7;7;7;1;7;7;7;7;7;7;7;1;1;7;7;3;7;3;1;7
"Josh Okogie";1610612756;"PHX";"2024-03-29";56;34;22;0.607;948.7316666666668;84;203;0.414;28;93;0.301;76;102;0.745;73;78;151;64;35;47;23;18;68;98;272;19;724;0;0;655;5;2;1;1;5;5;5;2;5;5;2;5;5;3;3;5;5;4;5;5;5;2;2;5;5;3;5;3;1;5
"Chris Paul";1610612744;"GSW";"2024-04-02";51;28;23;0.549;1335.256666666667;180;403;0.447;69;180;0.383;41;50;0.82;18;182;200;348;60;58;3;10;91;54;470;71;1355;5;0;1209;18;18;9;16;19;19;19;15;14;15;6;19;19;18;19;17;18;19;19;19;18;3;1;19;19;16;19;19;12;19
"Brandin Podziemski";1610612744;"GSW";"2024-04-02";67;36;31;0.537;1790.105;243;545;0.446;81;218;0.372;47;76;0.618;108;282;390;251;81;58;13;30;116;113;614;248;1591;7;0;1478;1;1;1;1;1;1;1;1;1;1;1;1;1;1;1;1;1;1;1;1;1;1;1;1;1;1;1;1;1;1
"Aleksej Pokusevski";1610612766;"CHA";"2024-04-01";11;3;8;0.273;209.86666666666667;25;62;0.403;7;25;0.28;12;16;0.75;12;33;45;21;9;12;6;4;9;12;69;-59;200;0;0;178;4;5;2;5;4;4;4;3;4;4;4;4;4;1;4;4;4;4;4;4;4;2;2;4;4;3;4;4;2;4
"Aleksej Pokusevski";1610612760;"OKC";"2024-02-10";10;8;2;0.8;60.45;4;16;0.25;2;11;0.182;2;4;0.5;2;8;10;5;3;1;1;0;5;2;12;-34;35;0;0;33;5;4;1;1;5;5;5;5;5;5;5;5;5;5;5;5;5;5;5;5;5;1;1;5;5;1;5;4;2;5
"Jordan Poole";1610612764;"WAS";"2024-04-02";74;15;59;0.203;2203.29;453;1102;0.411;167;522;0.32;181;207;0.874;29;169;198;311;178;81;25;71;238;200;1254;-506;2098;3;0;2142;3;4;5;5;3;3;2;4;3;3;4;3;3;3;3;3;3;2;3;1;1;4;5;3;3;5;3;1;1;3
"Kristaps Porzingis";1610612738;"BOS";"2024-04-01";53;40;13;0.755;1581.99;362;709;0.511;102;280;0.364;246;286;0.86;90;278;368;106;85;36;98;16;147;268;1072;408;1990;10;0;1916;5;1;2;1;5;6;6;1;4;4;5;2;2;3;5;6;6;2;6;5;6;2;5;3;5;1;5;6;1;5
"Dwight Powell";1610612742;"DAL";"2024-04-02";59;36;23;0.61;771.865;68;99;0.687;1;2;0.5;61;86;0.709;85;106;191;78;29;23;19;12;105;99;198;49;641;1;0;552;7;3;5;4;9;9;9;3;9;10;1;9;9;8;6;9;9;4;9;9;9;3;4;9;9;5;9;6;1;9
"Payton Pritchard";1610612738;"BOS";"2024-04-01";75;59;16;0.787;1619.743333333333;238;531;0.448;128;338;0.379;40;50;0.8;65;174;239;230;53;32;6;19;97;55;644;354;1337;1;0;1317;1;1;1;1;1;1;1;1;1;1;3;1;1;3;1;1;1;1;1;2;2;3;3;1;1;1;1;1;2;1
"Olivier-Maxence Prosper";1610612742;"DAL";"2024-03-31";35;21;14;0.6;263.3233333333333;26;75;0.347;8;34;0.235;23;34;0.676;20;44;64;20;5;5;3;5;17;22;83;-51;209;0;0;191;1;1;1;1;1;1;1;1;1;1;1;1;1;1;1;1;1;1;1;1;1;1;1;1;1;1;1;1;1;1
"Neemias Queta";1610612738;"BOS";"2024-03-22";26;22;4;0.846;295.76666666666665;51;83;0.614;0;0;0.0;17;24;0.708;46;61;107;14;10;11;15;9;46;21;119;114;336;2;0;292;1;1;1;1;1;1;1;2;1;1;1;1;1;1;1;1;1;1;1;1;1;3;3;1;1;1;1;1;1;1
"Nick Richards";1610612766;"CHA";"2024-03-31";64;13;51;0.203;1701.986666666667;249;362;0.688;0;1;0.0;129;176;0.733;168;358;526;51;69;24;74;37;165;153;627;-429;1560;19;0;1400;2;3;4;4;1;1;1;1;2;1;2;2;2;2;1;1;1;1;1;1;1;3;4;2;1;4;1;1;1;1
"Josh Richardson";1610612748;"MIA";"2024-02-11";43;24;19;0.558;1102.83;154;347;0.444;66;190;0.347;51;54;0.944;18;103;121;105;36;24;14;9;76;52;425;-107;806;0;0;793;8;7;4;5;7;7;7;3;7;7;8;8;9;2;9;6;7;7;8;10;8;4;4;9;8;10;8;3;1;8
"Jerome Robinson";1610612744;"GSW";"2024-03-29";19;14;5;0.737;68.6;9;29;0.31;2;15;0.133;6;10;0.6;1;4;5;5;2;0;3;0;5;6;26;28;47;0;0;44;4;3;1;1;5;5;5;4;5;5;5;4;4;4;5;5;5;5;5;5;4;1;1;5;5;2;5;1;1;5
"Mitchell Robinson";1610612752;"NYK";"2024-04-02";24;13;11;0.542;655.5616666666666;64;111;0.577;0;0;0.0;17;46;0.37;121;110;231;15;25;33;29;11;45;46;145;31;606;2;0;515;6;6;1;2;6;6;6;6;1;1;1;6;6;6;5;6;6;6;6;6;6;1;1;6;6;2;6;6;1;6
"Jeremiah Robinson-Earl";1610612740;"NOP";"2024-03-26";33;18;15;0.545;308.295;42;86;0.488;12;34;0.353;12;15;0.8;21;48;69;20;13;10;4;3;23;12;108;-9;250;0;0;237;3;1;1;1;3;3;3;1;3;3;1;3;3;2;3;3;3;3;3;3;3;1;1;3;3;1;3;3;1;3
"Terry Rozier";1610612748;"MIA";"2024-04-02";28;14;14;0.5;896.015;177;412;0.43;57;160;0.356;59;64;0.922;17;108;125;135;37;26;9;24;45;63;470;21;891;1;0;857;10;9;1;6;9;8;8;4;8;9;6;8;9;1;9;8;8;8;9;9;9;3;2;9;8;3;9;5;3;9
"Terry Rozier";1610612766;"CHA";"2024-01-22";30;7;23;0.233;1064.9883333333332;252;549;0.459;83;232;0.358;109;129;0.845;17;100;117;198;65;32;12;29;52;108;696;-292;1200;3;0;1182;9;10;3;10;8;7;7;1;7;7;5;6;6;4;9;9;9;7;7;8;6;5;3;6;7;9;7;2;3;7
"Domantas Sabonis";1610612758;"SAC";"2024-04-02";75;44;31;0.587;2685.4933333333333;588;981;0.599;31;81;0.383;266;377;0.706;264;763;1027;624;248;67;44;78;227;342;1473;52;3726;71;26;3377;3;4;4;4;2;1;1;2;4;5;2;2;2;8;1;1;1;1;1;2;1;9;7;2;2;4;1;1;1;1
"Gui Santos";1610612744;"GSW";"2024-03-27";20;14;6;0.7;158.20666666666668;22;44;0.5;9;22;0.409;14;15;0.933;15;29;44;11;7;3;2;4;19;10;67;13;144;0;0;141;1;1;1;1;1;1;1;1;1;1;1;1;1;1;1;1;1;1;1;1;1;1;1;1;1;1;1;1;1;1
"Brice Sensabaugh";1610612762;"UTA";"2024-04-02";26;6;20;0.231;449.2466666666666;64;163;0.393;26;90;0.289;24;28;0.857;12;66;78;45;40;11;2;7;30;22;178;-136;338;1;0;353;1;1;1;1;1;1;1;1;1;1;1;1;1;1;1;1;1;1;1;1;1;1;1;1;1;1;1;1;1;1
"Ben Sheppard";1610612754;"IND";"2024-04-01";51;28;23;0.549;681.91;77;187;0.412;40;125;0.32;21;24;0.875;10;66;76;44;11;26;2;9;80;19;215;33;445;0;0;431;1;1;1;1;1;1;1;1;1;1;1;1;1;1;1;1;1;1;1;1;1;1;1;1;1;1;1;1;1;1
"Jericho Sims";1610612752;"NYK";"2024-03-27";43;28;15;0.651;561.2316666666667;38;54;0.704;0;0;0.0;14;22;0.636;54;88;142;24;16;8;18;2;42;24;90;-23;358;0;0;308;2;2;1;1;2;3;2;3;1;2;1;1;2;2;3;3;3;2;3;3;3;2;1;3;2;2;3;3;1;3
"Jalen Slawson";1610612758;"SAC";"2024-04-02";10;7;3;0.7;32.596666666666664;3;5;0.6;0;2;0.0;0;0;0.0;1;6;7;2;2;1;1;0;7;1;6;-11;21;0;0;19;1;1;1;1;1;1;1;1;1;1;1;1;1;1;1;1;1;1;1;1;1;1;1;1;1;1;1;1;1;1
"Jalen Smith";1610612754;"IND";"2024-04-01";55;32;23;0.582;957.92;215;358;0.601;58;132;0.439;66;97;0.68;100;209;309;55;40;14;35;9;117;90;554;-21;1114;5;0;1074;2;1;4;3;2;2;2;1;1;2;1;2;2;5;2;2;2;2;2;2;2;4;4;2;2;3;2;3;1;2
"Nick Smith Jr.";1610612766;"CHA";"2024-04-01";47;8;39;0.17;644.7933333333333;97;246;0.394;54;126;0.429;11;13;0.846;17;43;60;52;35;8;7;10;53;13;259;-174;419;0;0;455;1;1;1;1;1;1;1;1;1;1;1;1;1;1;1;1;1;1;1;1;1;1;1;1;1;1;1;1;1;1
"Jayson Tatum";1610612738;"BOS";"2024-04-01";70;55;15;0.786;2514.5866666666666;646;1364;0.474;221;582;0.38;393;472;0.833;63;516;579;343;181;72;41;60;139;323;1906;621;3273;25;0;3275;5;1;1;1;3;3;3;2;3;3;4;3;2;5;5;3;3;1;3;7;6;4;3;3;3;2;3;2;3;3
"Klay Thompson";1610612744;"GSW";"2024-04-02";71;37;34;0.521;2103.1916666666666;437;1030;0.424;239;629;0.38;114;124;0.919;32;202;234;159;107;44;31;23;120;84;1227;-48;1864;0;0;2009;8;9;9;10;9;9;9;10;5;4;11;8;8;1;6;9;9;9;9;10;8;2;3;9;9;10;9;5;1;9
"Xavier Tillman";1610612738;"BOS";"2024-04-01";14;12;2;0.857;194.38;18;37;0.486;3;17;0.176;4;6;0.667;11;30;41;13;3;5;5;1;11;4;43;48;139;0;0;120;5;5;1;1;5;5;5;3;5;4;5;5;5;1;5;5;5;5;5;5;5;1;1;5;5;1;5;4;1;5
"Obi Toppin";1610612754;"IND";"2024-04-01";76;43;33;0.566;1619.6733333333334;300;525;0.571;91;227;0.401;70;93;0.753;77;214;291;113;63;40;37;29;132;83;761;83;1448;1;0;1410;1;1;3;2;1;1;1;1;1;2;1;2;2;3;1;1;1;1;1;1;1;4;4;2;1;2;1;2;1;1
"Karl-Anthony Towns";1610612750;"MIN";"2024-03-04";60;41;19;0.683;1968.8266666666664;472;932;0.506;134;317;0.423;250;286;0.874;91;413;504;179;169;43;40;67;198;257;1328;343;2281;22;0;2311;6;3;2;1;6;6;6;7;3;3;1;6;6;1;8;6;7;6;5;6;8;5;4;6;6;2;7;8;3;6
"Myles Turner";1610612754;"IND";"2024-04-01";72;41;31;0.569;1950.2916666666667;439;848;0.518;105;299;0.351;228;295;0.773;108;387;495;92;103;38;135;40;221;245;1211;196;2359;15;0;2249;3;3;6;4;3;2;2;2;1;1;4;2;2;5;2;3;3;3;2;5;5;8;8;3;1;1;3;3;1;2
"Jarace Walker";1610612754;"IND";"2024-04-01";31;16;15;0.516;328.37333333333333;42;105;0.4;20;52;0.385;8;9;0.889;12;46;58;39;16;14;11;1;29;12;112;15;299;0;0;279;1;1;1;1;1;1;1;1;1;1;1;1;1;1;1;1;1;1;1;1;1;1;1;1;1;1;1;1;1;1
"Cason Wallace";1610612760;"OKC";"2024-04-02";75;52;23;0.693;1541.496666666667;200;401;0.499;91;214;0.425;25;33;0.758;48;124;172;103;39;61;32;20;119;36;516;102;1117;0;0;1068;1;1;1;1;1;1;1;1;1;1;1;1;1;1;1;1;1;1;1;1;1;1;1;1;1;1;1;1;1;1
"Jordan Walsh";1610612738;"BOS";"2024-03-22";6;6;0;1.0;39.95;3;8;0.375;0;4;0.0;0;0;0.0;3;10;13;4;2;2;1;0;6;0;6;34;35;0;0;29;1;1;1;1;1;1;1;1;1;1;1;1;1;1;1;1;1;1;1;1;1;1;1;1;1;1;1;1;1;1
"P.J. Washington";1610612742;"DAL";"2024-04-02";23;16;7;0.696;737.4466666666667;95;235;0.404;38;131;0.29;24;39;0.615;26;111;137;30;21;24;21;11;48;33;252;113;575;1;0;547;6;5;1;1;6;6;6;6;6;6;6;6;6;6;6;6;6;6;6;6;6;1;1;6;6;2;6;6;1;6
"P.J. Washington";1610612766;"CHA";"2024-02-07";44;9;35;0.205;1285.5716666666667;227;509;0.446;79;244;0.324;67;94;0.713;53;179;232;97;66;38;32;27;112;78;600;-289;1168;2;0;1148;5;6;4;6;5;5;5;3;5;4;5;4;4;4;5;5;5;5;5;5;5;3;2;4;5;5;5;5;1;5
"Russell Westbrook";1610612746;"LAC";"2024-04-02";63;41;22;0.651;1409.6666666666667;277;613;0.452;39;145;0.269;104;151;0.689;88;222;310;276;129;68;21;42;111;115;697;53;1621;7;0;1500;13;9;5;6;16;16;16;5;13;13;15;16;16;12;14;13;14;16;16;15;8;3;3;16;16;12;16;15;15;16
"Aaron Wiggins";1610612760;"OKC";"2024-04-02";71;50;21;0.704;1069.055;177;311;0.569;54;111;0.486;47;60;0.783;57;110;167;67;48;44;17;25;80;51;455;63;891;0;0;865;1;1;1;1;3;2;3;1;1;3;1;3;3;2;2;3;3;3;3;1;1;2;1;3;2;1;2;2;1;2
"Grant Williams";1610612766;"CHA";"2024-04-01";24;8;16;0.333;718.9283333333333;120;241;0.498;38;109;0.349;54;72;0.75;36;88;124;61;46;17;10;11;71;87;332;-91;607;2;0;609;6;6;1;6;6;4;5;1;5;5;5;3;3;3;6;6;6;6;6;6;6;1;1;3;4;5;6;2;1;6
"Grant Williams";1610612742;"DAL";"2024-02-06";47;24;23;0.511;1241.715;131;317;0.413;79;210;0.376;41;55;0.745;46;123;169;81;53;24;27;16;137;64;382;-116;806;0;0;813;5;5;3;4;3;3;3;5;3;3;3;4;4;4;5;4;5;2;4;5;4;4;2;4;3;6;3;4;1;3
"Jalen Williams";1610612760;"OKC";"2024-03-31";67;47;20;0.701;2124.258333333333;515;953;0.54;100;232;0.431;178;219;0.813;37;230;267;308;119;75;43;50;173;181;1308;331;2325;3;0;2219;2;1;1;1;2;1;1;1;1;1;1;1;1;1;2;2;2;1;2;2;1;1;1;1;1;1;1;1;1;1
"Jaylin Williams";1610612760;"OKC";"2024-04-02";62;43;19;0.694;796.24;79;199;0.397;46;128;0.359;28;34;0.824;32;178;210;95;30;25;25;9;91;49;232;119;747;0;0;683;1;1;1;1;2;2;2;2;1;1;2;2;2;1;2;2;2;1;2;2;1;1;1;2;2;1;2;1;1;2
"Mark Williams";1610612766;"CHA";"2023-12-08";19;7;12;0.368;508.39166666666665;98;151;0.649;0;0;0.0;46;64;0.719;76;108;184;22;17;16;20;18;50;53;242;-21;587;8;0;520;2;2;1;2;2;2;2;1;1;1;1;2;2;1;2;2;2;1;2;2;2;1;1;2;2;1;2;2;1;2
"Zion Williamson";1610612740;"NOP";"2024-04-01";64;38;26;0.594;2002.7933333333333;571;979;0.583;5;14;0.357;319;457;0.698;113;259;372;320;175;61;38;111;148;332;1466;116;2514;11;0;2361;1;1;3;1;2;2;2;4;4;3;3;2;2;2;2;2;2;1;1;1;2;3;4;2;2;2;2;2;1;2
"Isaiah Wong";1610612754;"IND";"2024-04-01";1;1;0;1.0;4.283333333333333;1;3;0.333;0;1;0.0;0;0;0.0;0;0;0;0;0;0;0;0;0;0;2;-5;2;0;0;2;1;1;1;1;1;1;1;1;1;1;1;1;1;1;1;1;1;1;1;1;1;1;1;1;1;1;1;1;1;1
"Cody Zeller";1610612740;"NOP";"2024-03-22";40;24;16;0.6;304.4533333333333;25;60;0.417;1;3;0.333;23;38;0.605;47;62;109;36;15;9;5;10;42;37;74;57;286;0;0;248;8;5;3;1;10;11;10;11;5;6;3;11;10;11;10;10;10;8;10;9;10;2;2;10;11;3;10;9;1;10
